,SalePrice,FullBath,HalfBath,BedroomAbvGr,YrSold,Top5,LotArea,YearBuilt,GrLivArea,GarageArea,FancyHouse,TallHouse,LessDense,GarageCars,TotalBsmtSF
0,208500,2,1,3,2008,0,8450,2003,1710,548,1,1,1,2,856
1,181500,2,0,3,2007,1,9600,1976,1262,460,1,0,1,2,1262
2,223500,2,1,3,2008,0,11250,2001,1786,608,1,1,1,2,920
3,140000,1,0,3,2006,0,9550,1915,1717,642,1,1,1,3,756
4,250000,2,1,4,2008,1,14260,2000,2198,836,1,1,1,3,1145
5,143000,1,1,1,2009,0,14115,1993,1362,480,1,0,1,2,796
6,307000,2,0,3,2007,0,10084,2004,1694,636,1,0,1,2,1686
7,200000,2,1,3,2009,0,10382,1973,2090,484,1,1,1,2,1107
8,129900,2,0,2,2008,0,6120,1931,1774,468,1,0,0,2,952
9,118000,1,0,2,2008,0,7420,1939,1077,205,0,0,1,1,991
10,129500,1,0,3,2008,0,11200,1965,1040,384,1,0,1,1,1040
11,345000,3,0,4,2006,1,11924,2005,2324,736,1,1,1,3,1175
12,144000,1,0,2,2008,0,12968,1962,912,352,1,0,1,1,912
13,279500,2,0,3,2007,0,10652,2006,1494,840,1,0,1,3,1494
14,157000,1,1,2,2008,0,10920,1960,1253,352,1,0,1,1,1253
15,132000,1,0,2,2007,0,6120,1929,854,576,1,0,0,2,832
16,149000,1,0,2,2010,0,11241,1970,1004,480,1,0,1,2,1004
17,90000,2,0,2,2006,0,10791,1967,1296,516,0,0,1,2,0
18,159000,1,1,3,2008,0,13695,2004,1114,576,1,0,1,2,1114
19,139000,1,0,3,2009,0,7560,1958,1339,294,1,0,1,1,1029
20,325300,3,1,4,2006,1,14215,2005,2376,853,1,1,1,3,1158
21,139400,1,0,3,2007,0,7449,1930,1108,280,1,0,0,1,637
22,230000,2,0,3,2008,0,9742,2002,1795,534,1,0,1,2,1777
23,129900,1,0,3,2007,0,4224,1976,1060,572,1,0,0,2,1040
24,154000,1,0,3,2010,0,8246,1968,1060,270,1,0,1,1,1060
25,256300,2,0,3,2009,1,14230,2007,1600,890,1,0,1,3,1566
26,134800,1,0,3,2010,0,7200,1951,900,576,1,0,1,2,900
27,306000,2,0,3,2010,1,11478,2007,1704,772,1,0,1,3,1704
28,207500,1,0,2,2006,0,16321,1957,1600,319,1,0,1,1,1484
29,68500,1,0,1,2008,0,6324,1927,520,240,1,0,0,1,520
31,149350,1,1,3,2008,0,8544,1966,1228,271,1,0,1,1,1228
32,179900,2,0,3,2008,0,11049,2007,1234,484,1,0,1,2,1234
33,165500,1,1,4,2010,0,10552,1959,1700,447,1,0,1,2,1398
34,277500,2,0,2,2007,1,7313,2005,1561,556,1,0,1,2,1561
35,309000,3,1,4,2006,1,13418,2004,2452,691,1,1,1,3,1117
36,145000,1,1,3,2009,0,10859,1994,1097,672,1,0,1,2,1097
37,153000,1,0,3,2009,0,8532,1954,1297,498,1,0,1,2,1297
38,109000,1,0,3,2010,0,7922,1953,1057,246,1,0,1,1,1057
39,82000,2,0,2,2008,0,6040,1955,1152,0,0,0,1,0,0
40,160000,2,0,3,2006,0,8658,1965,1324,440,1,0,1,2,1088
41,170000,1,1,2,2007,1,16905,1959,1328,308,1,0,1,1,1350
42,144000,1,0,2,2007,0,9180,1983,884,504,1,0,1,2,840
43,130250,1,0,3,2008,0,9200,1975,938,308,1,0,1,1,938
44,141000,1,0,3,2006,0,7945,1959,1150,300,1,0,1,1,1150
45,319900,2,0,2,2010,1,7658,2005,1752,576,1,0,1,2,1752
46,239686,1,1,1,2009,0,12822,2003,2149,670,1,0,1,2,1434
47,249700,2,0,3,2007,0,11096,2006,1656,826,1,0,1,3,1656
48,113000,2,0,2,2009,0,4456,1920,1452,0,0,1,0,0,736
49,127000,1,0,3,2007,0,7742,1966,955,386,1,0,1,1,955
50,177000,2,0,3,2007,0,13869,1997,1470,388,1,1,1,2,794
51,114500,1,0,3,2006,0,6240,1934,1176,528,1,0,0,2,816
52,110000,1,0,2,2010,0,8472,1963,816,516,0,0,0,2,816
53,385000,0,1,0,2006,1,50271,1981,1842,894,1,0,1,3,1842
54,130000,1,0,3,2007,0,7134,1955,1360,572,1,0,1,2,384
55,180500,2,0,3,2008,0,10175,1964,1425,576,1,0,1,2,1425
56,172500,2,1,3,2009,0,2645,1999,1739,480,0,1,1,2,970
57,196500,2,1,3,2006,0,11645,2004,1720,565,1,1,1,2,860
58,438780,3,1,3,2006,1,13682,2006,2945,641,1,1,1,3,1410
59,124900,1,0,2,2008,0,7200,1972,780,352,1,0,1,1,780
60,158000,1,1,3,2006,0,13072,2004,1158,576,1,0,1,2,1158
61,101000,1,0,3,2007,0,7200,1920,1111,288,1,1,0,1,530
62,202500,2,0,2,2007,1,6442,2006,1370,484,1,0,1,2,1370
63,140000,2,0,3,2010,0,10300,1921,1710,480,1,1,0,2,576
64,219500,2,1,3,2009,0,9375,1997,2034,645,1,1,1,2,1057
65,317000,2,1,4,2007,1,9591,2004,2473,852,1,1,1,3,1143
66,180000,2,0,3,2010,0,19900,1970,2207,576,1,0,1,2,1947
67,226000,2,0,3,2007,0,10665,2003,1479,558,1,0,1,2,1453
68,80000,1,0,2,2010,0,4608,1945,747,220,1,0,0,1,747
69,225000,2,0,3,2006,0,15593,1953,2287,667,1,0,1,2,1304
70,244000,2,0,3,2007,0,13651,1973,2223,516,1,0,1,2,2223
71,129500,1,0,2,2007,0,7599,1982,845,360,1,0,1,2,845
72,185000,2,1,3,2009,0,10141,1998,1718,427,1,1,1,2,832
73,144900,1,0,3,2010,0,10200,1954,1086,490,1,0,1,2,1086
74,107400,2,0,3,2010,0,5790,1915,1605,379,1,1,0,1,840
75,91000,1,0,2,2009,0,1596,1973,988,297,0,0,0,1,462
76,135750,1,0,2,2008,0,8475,1956,952,283,1,0,1,1,952
77,127000,1,0,2,2008,0,8635,1948,1285,240,1,0,0,1,672
78,136500,2,0,4,2010,0,10778,1968,1768,0,0,0,1,0,1768
79,110000,1,1,2,2009,0,10440,1910,1230,440,1,1,0,2,440
80,193500,2,1,4,2009,0,13000,1968,2142,509,1,1,1,1,896
81,153500,2,0,2,2006,0,4500,1998,1337,405,1,0,0,2,1237
82,245000,2,0,3,2008,0,10206,2007,1563,758,1,0,1,3,1563
83,126500,1,1,3,2007,0,8892,1960,1065,461,1,0,1,2,1065
84,168500,2,1,3,2009,0,8530,1995,1474,400,1,0,1,2,384
85,260000,2,1,4,2006,1,16059,1991,2417,462,1,1,1,2,1288
86,174000,2,1,3,2009,0,11911,2005,1560,400,1,1,1,2,684
87,164500,2,1,2,2009,0,3951,2009,1224,528,1,1,1,2,612
89,123600,1,0,3,2007,0,8070,1994,990,0,1,0,1,0,990
90,109900,1,0,2,2006,0,7200,1950,1040,420,1,0,1,2,0
91,98600,1,0,2,2006,0,8500,1961,1235,480,1,0,1,2,1235
92,163500,1,0,2,2009,0,13360,1921,964,432,1,0,1,2,876
94,204750,2,1,3,2007,0,9337,1997,1786,684,1,1,1,2,824
95,185000,2,1,3,2009,0,9765,1993,1470,420,1,1,1,2,680
96,214000,2,0,3,2006,0,10264,1999,1588,472,1,0,1,2,1588
97,94750,1,0,3,2007,0,10921,1965,960,432,1,0,1,1,960
98,83000,1,0,2,2010,0,10625,1920,835,366,1,0,1,1,458
99,128950,1,1,3,2010,0,9320,1959,1225,0,1,0,1,0,950
100,205000,2,0,3,2010,0,10603,1977,1610,480,1,0,1,2,1610
101,178000,2,1,3,2010,0,9206,1985,1732,476,1,1,1,2,741
102,118964,2,0,4,2009,0,7018,1979,1535,410,0,0,1,2,0
103,198900,2,0,3,2010,0,10402,2009,1226,740,1,0,1,3,1226
104,169500,1,1,4,2007,0,7758,1931,1818,240,1,0,0,1,1040
105,250000,2,1,3,2008,0,9375,2003,1992,648,1,1,1,2,1053
106,100000,1,0,2,2007,0,10800,1885,1047,273,1,0,0,1,641
107,115000,1,0,2,2008,0,6000,1948,789,250,1,0,0,1,789
108,115000,2,0,3,2007,0,8500,1919,1517,0,1,0,0,0,793
109,190000,2,0,3,2010,0,11751,1977,1844,546,1,0,1,2,1844
110,136900,2,0,4,2006,0,9525,1954,1855,325,1,0,1,1,994
111,180000,2,1,3,2010,0,7750,2000,1430,400,1,0,1,2,384
112,383970,2,1,4,2007,0,9965,2007,2696,792,1,1,1,3,1264
113,217000,2,0,3,2007,0,21000,1953,2259,450,1,0,1,2,1809
114,259500,2,1,3,2007,0,7259,1945,2320,180,1,1,1,1,1028
115,176000,2,1,2,2007,0,3230,1999,1458,440,1,1,1,2,729
116,139000,1,0,3,2009,0,11616,1962,1092,288,1,0,1,1,1092
117,155000,1,1,2,2007,0,8536,2006,1125,430,1,0,1,2,1125
118,320000,3,0,5,2010,0,12376,1990,3222,594,1,1,1,3,1673
119,163990,2,1,3,2006,0,8461,2005,1456,390,1,1,1,2,728
120,180000,1,0,1,2006,0,21453,1969,988,540,1,0,1,2,938
121,100000,1,0,3,2007,0,6060,1939,1123,264,1,0,0,1,732
122,136000,1,0,3,2008,0,9464,1958,1080,288,1,0,1,1,1080
123,153900,2,0,2,2008,0,7892,1993,1199,530,1,0,1,2,1199
124,181000,2,0,3,2009,0,17043,1979,1586,435,1,0,1,2,1362
125,84500,1,0,2,2006,0,6780,1935,754,0,0,0,0,0,520
126,128000,2,0,2,2007,0,4928,1976,958,440,1,0,1,2,1078
127,87000,1,0,3,2007,0,4388,1930,840,0,1,0,0,0,672
128,155000,1,1,3,2006,0,7590,1966,1348,453,1,1,1,2,660
129,150000,1,1,3,2006,0,8973,1958,1053,750,1,0,1,2,1008
130,226000,2,1,4,2006,0,14200,1966,2157,487,1,1,1,2,924
131,244000,2,1,3,2009,0,12224,2000,2054,390,1,1,1,2,992
132,150750,1,0,3,2007,0,7388,1959,1327,624,1,0,1,2,1063
133,220000,2,0,2,2009,1,6853,2001,1296,471,1,0,1,2,1267
134,180000,2,1,3,2006,0,10335,1968,1721,440,1,0,1,2,1461
135,174000,2,0,3,2008,0,10400,1970,1682,530,1,0,1,2,1304
136,143000,2,0,3,2007,0,10355,1967,1214,318,1,0,1,1,1214
137,171000,3,0,5,2006,0,11070,1988,1959,766,0,0,1,3,1907
138,230000,2,1,3,2008,0,9066,1999,1852,660,1,1,1,3,1004
139,231500,2,1,3,2009,0,15426,1997,1764,470,1,1,1,2,928
140,115000,1,0,3,2010,0,10500,1971,864,0,1,0,1,0,864
141,260000,2,0,3,2006,0,11645,2005,1734,660,1,0,1,2,1734
142,166000,2,0,4,2010,0,8520,1952,1385,720,1,0,1,2,910
143,204000,2,0,3,2009,0,10335,1999,1501,577,1,0,1,2,1490
144,125000,2,0,6,2006,0,9100,1963,1728,504,0,0,0,2,1728
145,130000,2,0,3,2006,0,2522,2004,1709,380,0,1,0,2,970
146,105000,1,0,2,2009,0,6120,1931,875,180,1,0,0,1,715
147,222500,2,1,3,2010,0,9505,2001,2035,434,1,1,1,2,884
148,141000,1,0,3,2008,0,7500,2004,1080,0,1,0,1,0,1080
149,115000,1,0,3,2006,0,6240,1936,1344,240,1,0,0,1,896
150,122000,1,1,3,2007,0,10356,1975,969,440,1,0,1,2,969
151,372402,2,0,2,2008,1,13891,2007,1710,866,1,0,1,3,1710
152,190000,2,1,4,2006,0,14803,1971,1993,495,1,1,1,2,825
153,235000,1,0,1,2008,0,13500,1960,1252,564,1,0,1,2,1602
154,125000,1,0,4,2006,0,11340,1923,1200,312,1,0,0,1,1200
155,79000,1,0,2,2008,0,9600,1924,1096,0,1,0,1,0,572
156,109500,1,0,2,2006,0,7200,1950,1040,625,1,0,1,2,0
157,269500,2,1,4,2010,1,12003,2009,1968,680,1,1,1,3,774
158,254900,2,1,3,2010,0,12552,2004,1947,678,1,1,1,2,991
159,320000,2,1,4,2006,0,19378,2005,2462,576,1,1,1,2,1392
160,162500,2,0,3,2008,1,11120,1984,1232,516,1,0,1,2,1232
161,412500,2,1,3,2008,1,13688,2003,2668,726,1,1,1,3,1572
162,220000,2,0,3,2010,1,12182,2005,1541,532,1,0,1,2,1541
163,103200,1,0,1,2007,0,5500,1956,882,0,1,0,1,0,882
164,152000,2,0,3,2007,0,5400,1926,1616,216,1,0,0,1,1149
165,127500,2,0,4,2008,0,10106,1940,1355,0,0,0,1,0,644
166,190000,1,0,2,2009,0,10708,1955,1867,303,1,0,1,1,1617
167,325624,1,1,3,2007,1,10562,2007,2161,789,1,1,1,3,1582
168,183500,2,1,3,2007,0,8244,2004,1720,440,1,1,1,2,840
169,228000,2,1,2,2006,1,16669,1981,1707,511,1,0,1,2,1686
170,128500,1,1,2,2007,0,12358,1941,1382,660,1,0,0,2,720
171,215000,1,0,3,2010,0,31770,1960,1656,528,1,0,1,2,1080
172,239000,2,0,2,2006,1,5306,1987,1767,504,1,1,1,2,1064
173,163000,1,1,3,2008,0,10197,1961,1362,504,1,0,1,2,1362
174,184000,2,0,3,2008,1,12416,1986,1651,616,1,0,1,2,1606
175,243000,2,0,4,2007,0,12615,1950,2158,576,1,0,1,2,1202
176,211000,2,1,4,2007,0,10029,1988,2060,521,1,1,1,2,1151
177,172500,2,0,4,2006,0,13650,1958,1920,451,1,0,1,2,1052
178,501837,2,0,1,2009,1,17423,2008,2234,1166,1,0,1,3,2216
179,100000,1,0,2,2007,0,8520,1923,968,480,1,0,0,2,968
180,177000,2,1,3,2007,0,2117,2000,1525,440,0,1,1,2,756
181,200100,1,1,4,2006,0,7588,1920,1802,216,1,1,1,1,793
182,120000,1,0,3,2007,0,9060,1957,1340,252,1,0,1,1,0
183,200000,2,1,3,2008,0,11426,2003,2082,484,1,0,0,2,1362
184,127000,1,0,3,2006,0,7438,1908,1252,576,1,0,1,2,504
185,475000,2,1,4,2006,0,22950,1892,3608,840,1,1,0,3,1107
186,173000,2,0,3,2009,0,9947,1990,1217,497,1,0,1,2,1188
187,135000,2,1,3,2009,0,10410,1916,1656,180,1,0,1,1,660
188,153337,0,2,2,2009,0,7018,1979,1224,528,0,0,1,2,1086
189,286000,1,1,0,2008,1,4923,2001,1593,682,1,0,1,2,1593
190,315000,2,1,3,2007,0,10570,1932,2727,440,1,1,1,2,853
191,184000,1,1,4,2007,0,7472,1972,1479,484,1,1,1,2,725
192,192000,2,0,3,2009,0,9017,1999,1431,666,1,0,1,2,1431
193,130000,2,0,3,2006,0,2522,2004,1709,380,0,1,0,2,970
194,127000,1,0,3,2008,0,7180,1972,864,352,1,0,1,1,864
195,148500,2,1,3,2009,0,2280,1976,1456,440,0,1,1,2,855
196,311872,2,0,3,2007,0,9416,2007,1726,786,1,0,1,3,1726
197,235000,2,0,4,2006,0,25419,1918,3112,795,1,1,1,2,1360
198,104000,1,0,5,2009,0,5520,1912,2229,0,1,1,0,0,755
199,274900,2,0,3,2009,1,9591,2004,1713,856,1,0,1,3,1713
200,140000,2,0,2,2010,0,8546,2003,1121,440,1,0,0,2,1121
201,171500,2,0,3,2008,0,10125,1977,1279,473,1,0,1,2,1196
202,112000,2,0,2,2006,0,7000,1924,1310,398,1,0,1,1,617
203,149000,1,0,1,2008,0,4438,2004,848,420,1,0,0,2,848
204,110000,1,1,2,2009,0,3500,1947,1284,240,1,0,0,1,720
205,180500,2,0,3,2009,0,11851,1990,1442,500,1,0,1,2,1424
206,143900,1,1,3,2007,0,13673,1962,1696,349,1,0,1,1,1140
207,141000,1,0,3,2008,0,12493,1960,1100,312,1,0,1,1,1100
208,277000,2,1,3,2007,0,14364,1988,2062,454,1,1,1,2,1157
209,145000,1,0,3,2008,0,8250,1964,1092,504,1,0,1,2,1092
210,98000,1,0,2,2008,0,5604,1925,864,0,1,0,1,0,864
211,186000,2,0,3,2010,0,10420,2009,1212,460,1,0,1,2,1212
212,252678,2,1,3,2009,0,8640,2009,1852,644,1,1,1,2,900
213,156000,1,0,3,2006,0,13568,1995,990,576,1,0,1,2,990
214,161750,1,1,3,2010,0,10900,1977,1392,299,1,1,1,1,689
215,134450,1,0,2,2006,0,10011,1957,1236,447,1,0,1,1,1070
216,210000,2,0,3,2008,0,8450,2004,1436,484,1,0,1,2,1436
217,107000,1,0,3,2006,0,9906,1925,1328,210,1,1,0,1,686
218,311500,1,1,3,2008,0,15660,1939,1954,431,1,0,1,2,798
219,167240,2,0,2,2006,0,3010,2005,1248,438,1,0,1,2,1248
220,204900,2,0,2,2006,0,8990,2006,1498,675,1,0,1,2,1498
221,200000,2,1,4,2009,0,8068,2002,2267,390,1,1,1,2,1010
222,179900,2,1,3,2006,0,11475,1975,1552,434,1,1,1,2,713
223,97000,1,0,2,2009,0,10500,1971,864,576,1,0,1,2,864
224,386250,2,0,3,2009,1,13472,2003,2392,968,1,0,1,3,2392
225,112000,2,1,3,2009,0,1680,1971,1302,280,0,1,0,1,630
226,290000,2,1,4,2007,1,9950,1995,2520,721,1,1,1,3,1203
227,106000,1,1,2,2008,0,1869,1970,987,280,0,1,0,1,483
228,125000,1,0,3,2010,0,8521,1967,912,336,1,0,1,1,912
229,192500,2,0,2,2009,0,3182,2005,1555,430,1,0,1,2,1373
230,148000,1,0,3,2010,0,8760,1959,1194,312,1,0,1,1,1194
231,403000,2,1,4,2009,1,15138,1995,2794,810,1,1,1,3,1462
232,94500,1,1,2,2006,0,1680,1972,987,288,0,1,0,1,483
233,128200,1,0,3,2010,0,10650,1976,894,308,1,0,1,1,894
234,216500,2,1,4,2010,0,7851,2002,1960,440,1,1,1,2,860
235,89500,1,1,2,2008,0,1680,1971,987,264,1,1,0,1,483
236,185500,2,0,3,2010,0,8773,2004,1414,494,1,0,1,2,1414
237,194500,2,1,3,2010,0,9453,1993,1744,457,1,1,1,2,996
238,318000,2,0,3,2007,1,12030,2007,1694,818,1,0,1,3,1694
239,113000,1,1,3,2010,0,8741,1945,1487,220,1,0,1,1,735
240,262500,2,0,3,2010,0,9000,2008,1566,750,1,0,1,2,1566
241,110500,1,0,2,2007,0,3880,1945,866,0,1,0,0,0,686
242,79000,1,0,3,2006,0,5000,1900,1440,352,1,0,0,1,540
243,120000,1,1,3,2009,0,10762,1980,1217,288,1,1,1,1,626
244,205000,2,1,3,2010,0,8880,1994,2110,463,1,1,1,2,948
245,241500,2,0,3,2006,0,10400,1988,1872,604,1,0,1,2,1845
246,137000,2,0,4,2006,0,9142,1910,1928,440,0,1,0,1,1020
247,140000,1,0,2,2006,0,11310,1954,1375,451,1,0,1,2,1367
248,180000,2,1,3,2007,0,11317,2003,1668,500,1,1,1,2,840
249,277000,2,0,4,2007,0,159000,1958,2144,389,1,0,1,2,1444
250,76500,1,0,3,2010,0,5350,1940,1306,0,1,0,1,0,728
251,235000,2,0,2,2007,0,4750,2006,1625,538,1,0,0,2,1573
252,173000,2,1,3,2008,0,8366,2004,1640,520,1,1,1,2,798
253,158000,2,0,3,2007,0,9350,1964,1302,309,1,0,1,1,1302
254,145000,1,0,3,2010,0,8400,1957,1314,294,1,0,1,1,1314
255,230000,2,1,4,2006,0,8738,1999,2291,429,1,1,1,2,975
256,207500,2,1,3,2008,0,8791,2003,1728,673,1,1,1,2,864
257,220000,2,1,3,2009,0,8814,2006,1604,660,1,0,1,2,1604
258,231500,2,1,3,2008,0,12435,2001,1792,564,1,1,1,2,963
259,97000,1,0,2,2008,0,12702,1956,882,308,1,0,0,1,0
260,176000,1,0,3,2009,0,19296,1962,1382,884,1,0,1,2,1362
261,276000,2,1,3,2007,0,9588,2007,2574,868,1,1,1,3,1482
262,151000,1,0,3,2006,0,8471,1977,1212,492,1,0,1,2,506
263,130000,1,0,3,2010,0,5500,1929,1316,484,1,0,0,2,926
264,73000,1,0,2,2008,0,5232,1925,764,504,1,0,0,2,680
265,175500,2,0,3,2008,0,12090,1981,1422,576,1,0,1,2,1422
266,185000,2,1,3,2006,0,11207,1997,1511,413,1,1,1,2,802
267,179500,2,1,4,2008,0,8400,1939,2192,240,1,1,1,1,720
268,120500,1,0,2,2008,0,6900,1940,778,924,1,0,0,1,740
269,148000,1,1,3,2007,0,7917,1976,1113,504,1,0,1,1,1143
270,266000,2,1,3,2006,0,10728,2006,1939,1053,1,1,1,3,1095
271,241500,1,0,2,2008,0,39104,1954,1363,439,1,0,1,2,1385
272,290000,2,1,4,2010,1,11764,1999,2270,671,1,1,1,3,1152
273,139000,2,0,3,2009,0,9600,1958,1632,338,1,0,1,1,1240
274,124500,1,0,2,2007,0,8314,1982,816,264,1,0,1,1,816
275,205000,2,1,3,2009,0,7264,1925,1548,672,1,0,1,2,952
276,201000,2,0,3,2010,0,9196,2003,1560,573,1,0,1,2,1560
277,141000,1,0,2,2010,0,19138,1951,864,400,1,0,1,2,864
278,415298,2,1,3,2007,1,14450,2006,2121,732,1,0,1,3,2121
279,192000,2,1,4,2008,0,10005,1977,2022,505,1,1,1,2,1160
280,228500,2,1,3,2007,0,11287,1989,1982,575,1,1,1,2,807
281,185000,2,0,2,2006,0,7200,2006,1262,572,1,0,1,2,1262
282,207500,2,0,2,2009,1,5063,2007,1314,626,0,0,1,2,1314
283,244600,2,0,3,2009,0,9612,2008,1468,898,1,0,1,3,1468
284,179200,2,0,2,2007,0,8012,1992,1575,529,1,0,1,2,1575
285,164700,2,1,2,2007,0,4251,2006,1250,528,1,1,1,2,625
286,159000,1,1,3,2006,0,9786,1962,1734,440,1,0,1,2,912
287,88000,1,0,3,2006,0,8125,1971,858,0,1,0,1,0,858
288,122000,1,0,3,2010,0,9819,1967,900,280,1,0,1,1,882
289,153575,1,0,3,2007,0,8730,1915,1396,384,1,1,1,1,698
290,233230,2,1,3,2006,0,15611,2006,1919,685,1,1,1,2,1079
291,135900,2,0,6,2008,0,5687,1912,1716,0,0,1,1,0,780
292,131000,1,1,3,2009,0,11409,1949,1716,281,1,0,1,1,768
293,235000,2,1,3,2006,0,16659,1977,2263,539,1,1,1,2,795
294,167000,1,0,3,2009,0,9600,1953,1644,418,1,0,1,2,1416
295,142500,1,0,3,2006,0,7937,1984,1003,588,1,0,1,2,1003
296,152000,1,1,4,2007,0,13710,1950,1558,282,1,0,0,1,910
297,239000,2,1,3,2007,0,7399,1997,1950,576,1,1,1,2,975
298,175000,1,2,3,2007,0,11700,1968,1743,539,1,1,1,2,702
299,158500,1,0,3,2009,0,14000,1950,1152,300,1,0,1,1,1092
300,157000,1,0,2,2006,0,15750,1953,1336,375,0,0,1,1,1165
301,267000,2,1,4,2007,0,16226,1998,2452,683,1,1,1,2,1028
302,205000,2,0,3,2006,0,13704,2001,1541,843,1,0,1,3,1541
303,149900,1,0,3,2006,0,9800,1972,894,552,1,0,1,2,894
304,295000,3,0,3,2008,0,18386,1880,3493,870,1,1,0,3,1470
305,305900,2,0,3,2007,0,10386,2004,2000,888,1,0,1,3,2000
306,225000,2,1,4,2007,0,13474,1990,2243,746,1,1,1,3,700
307,89500,1,0,3,2008,0,7920,1920,1406,0,1,0,0,0,319
308,82500,1,0,1,2009,0,12342,1940,861,539,1,0,1,2,861
309,360000,2,0,3,2006,1,12378,2003,1944,708,1,0,1,3,1896
310,165600,2,1,3,2006,0,7685,1993,1501,420,1,1,1,2,697
311,132000,1,0,2,2009,0,8000,1948,972,240,1,0,1,1,972
312,119900,1,0,3,2006,0,7800,1939,1118,410,0,0,0,2,793
313,375000,2,0,3,2009,1,215245,1965,2036,513,1,0,1,2,2136
314,178000,1,1,3,2006,0,9600,1925,1641,546,1,1,0,2,728
315,188500,2,1,3,2009,0,7795,2004,1432,432,1,1,1,2,716
316,260000,2,1,4,2009,0,13005,1980,2353,484,1,1,1,2,845
317,270000,2,1,3,2007,0,9000,2006,1959,1025,1,1,1,3,1088
318,260000,2,1,4,2009,1,9900,1993,2646,656,1,1,1,3,1347
319,187500,2,0,3,2009,0,14115,1980,1472,588,1,0,1,2,1372
320,342643,3,1,4,2006,1,16259,2006,2596,840,1,1,1,3,1249
321,354000,2,1,4,2007,1,12099,2004,2468,872,1,1,1,3,1136
322,301000,2,1,4,2007,0,10380,1986,2730,576,1,1,1,2,1502
323,126175,1,0,3,2006,0,5820,1955,1163,220,1,0,0,1,1162
324,242000,2,1,5,2010,0,11275,1967,2978,564,1,0,1,2,710
325,87000,1,0,2,2007,0,5000,1941,803,360,1,0,0,2,720
326,324000,1,1,1,2008,1,10846,1993,1719,473,1,0,1,2,1719
327,145250,1,1,3,2006,0,11600,1960,1383,292,1,0,1,1,1383
328,214500,2,0,5,2009,0,11888,1916,2134,441,1,1,1,2,844
329,78000,1,0,3,2009,0,6402,1920,1192,189,1,1,0,1,596
330,119000,2,0,6,2007,0,10624,1964,1728,352,0,0,1,1,1728
331,139000,1,0,3,2007,0,8176,1958,1056,308,1,0,1,1,1056
332,284000,2,0,3,2009,1,10655,2003,1629,880,1,0,1,3,3206
333,207000,2,0,2,2008,1,8198,2004,1358,484,1,0,0,2,1358
334,192000,2,1,3,2008,0,9042,1998,1638,472,1,1,1,2,943
335,228950,2,0,3,2008,1,164660,1965,1786,529,0,0,1,2,1499
336,377426,2,0,3,2007,1,14157,2005,1922,676,1,0,1,3,1922
337,214000,2,0,3,2008,0,9135,2002,1536,532,1,0,1,2,1536
338,202500,2,0,3,2006,0,14145,1984,1621,440,1,0,1,2,1208
339,155000,1,0,3,2009,0,12400,1958,1215,297,1,0,1,1,1215
340,202900,2,1,4,2010,1,14191,2002,1908,431,1,1,1,2,967
341,82000,1,0,2,2009,0,8400,1950,841,294,1,0,0,1,721
342,87500,2,0,2,2006,0,8544,1949,1040,400,0,0,1,2,0
343,266000,2,0,2,2008,1,8849,2005,1684,564,1,0,1,2,1684
344,85000,1,1,3,2010,0,2592,1976,1112,336,1,1,0,1,536
345,140200,1,0,3,2006,0,6435,1939,1577,312,1,0,1,1,972
346,151500,1,0,2,2007,0,12772,1960,958,301,1,0,1,1,958
347,157500,2,0,3,2009,0,17600,1960,1478,498,1,0,1,2,1478
348,154000,2,1,2,2008,1,2448,2003,1626,474,0,1,1,2,764
349,437154,2,1,4,2006,1,20431,2005,2728,706,1,1,1,3,1848
350,318061,2,0,2,2007,1,7820,2007,1869,617,1,0,1,2,1869
351,190000,1,1,2,2006,0,5271,1986,1453,445,1,0,1,2,1453
352,95000,1,0,3,2008,0,9084,1941,1111,200,1,0,1,1,616
353,105900,1,0,2,2010,0,8520,1928,720,484,1,0,0,2,624
354,140000,1,0,2,2006,0,8400,1940,1595,240,1,0,1,1,940
355,177500,2,0,3,2007,0,11249,1995,1200,521,1,0,1,2,1200
356,173000,2,0,3,2009,0,9248,1992,1167,400,1,0,1,2,1158
357,134000,1,1,3,2007,0,4224,1976,1142,528,1,0,0,2,1142
358,130000,1,0,3,2006,0,6930,1958,1352,288,1,0,1,1,1062
359,280000,2,1,3,2006,1,12011,1998,1924,592,1,1,1,2,1086
360,156000,1,0,2,2007,0,7540,1978,912,470,1,0,1,2,888
361,145000,1,0,3,2008,0,9144,1940,1505,240,1,0,1,1,883
362,198500,3,0,4,2009,0,7301,2003,1922,672,1,0,1,2,0
363,118000,1,1,2,2009,0,1680,1972,987,264,0,1,0,1,483
364,190000,2,1,3,2006,0,18800,1976,1574,566,1,1,1,2,796
365,147000,1,0,3,2009,0,10690,1920,1344,468,1,1,0,1,672
366,159000,1,1,3,2009,0,9500,1963,1394,514,1,0,1,2,1394
367,165000,1,0,3,2008,0,9150,1962,1431,296,1,0,1,1,1099
368,132000,1,0,2,2010,0,7800,1954,1268,244,1,0,1,1,1268
369,162000,1,0,3,2010,0,9830,1959,1287,576,1,0,1,2,1063
370,172400,2,1,3,2006,0,8121,2000,1664,460,1,1,1,2,953
371,134432,2,0,4,2008,0,17120,1959,1588,680,1,0,1,2,0
372,125000,1,0,2,2010,0,7175,1984,752,264,1,0,1,1,744
373,123000,1,0,3,2009,0,10634,1953,1319,270,1,0,1,1,608
374,219500,2,1,4,2007,0,8200,2003,1928,434,1,1,1,2,847
375,61000,0,1,1,2009,0,10020,1922,904,0,1,0,1,0,683
376,148000,1,0,2,2006,0,8846,1996,914,576,1,0,1,2,870
377,340000,3,0,4,2007,0,11143,2004,2466,610,1,1,1,2,1580
378,394432,1,1,1,2010,1,11394,2010,1856,834,1,0,1,3,1856
379,179000,2,1,3,2009,0,8123,2000,1800,463,1,1,1,2,982
380,127000,2,0,3,2010,0,5000,1924,1691,308,1,0,1,1,1026
381,187750,2,0,2,2006,0,7200,2006,1301,572,1,0,1,2,1293
382,213500,2,1,3,2007,0,9245,2006,1797,639,1,1,1,2,939
383,76000,1,0,2,2009,0,9000,1928,784,360,1,0,0,2,784
384,240000,2,1,3,2007,0,53107,1992,1953,501,1,1,1,2,1580
385,192000,2,0,2,2010,0,3182,2004,1269,430,1,0,1,2,1256
386,81000,1,0,5,2006,0,8410,1910,1184,0,1,0,1,0,658
387,125000,1,0,3,2009,0,7200,1976,1125,352,1,0,1,1,1041
388,191000,2,0,3,2008,0,9382,1999,1479,577,1,0,1,2,1468
389,426000,2,1,3,2008,1,12474,2007,2332,846,1,1,1,3,1682
390,119000,1,0,4,2008,0,8405,1900,1367,384,1,0,1,1,861
391,215000,2,1,3,2009,0,12209,2001,1961,560,1,1,1,2,804
392,106500,1,0,3,2007,0,8339,1959,882,294,1,0,1,1,0
393,100000,1,0,2,2006,0,7446,1941,788,0,1,0,1,0,788
394,109000,1,0,2,2007,0,10134,1940,1034,240,1,0,1,1,735
395,129000,1,0,3,2010,0,9571,1956,1144,596,1,0,1,1,1144
396,123000,1,0,2,2009,0,7200,1972,894,600,1,0,1,2,894
397,169500,2,0,4,2007,0,7590,1962,1812,264,1,1,1,1,864
398,67000,1,0,2,2007,0,8967,1920,1077,338,1,0,0,1,961
399,241000,2,0,2,2009,0,8125,2006,1550,438,1,1,1,2,1092
400,245500,1,1,1,2008,1,14963,1996,1288,500,1,0,1,2,1260
401,164990,2,0,3,2006,0,8767,2005,1310,400,1,0,1,2,1310
402,108000,1,0,2,2008,0,10200,1940,672,240,1,0,1,1,672
403,258000,2,1,4,2006,1,12090,1998,2263,420,1,1,1,2,1141
404,168000,2,1,3,2007,0,10364,1995,1572,373,1,1,1,2,806
405,150000,2,0,3,2009,0,9991,1976,1620,490,1,0,1,2,1281
406,115000,1,0,3,2008,0,10480,1936,1639,240,1,0,1,1,1064
407,177000,2,0,4,2008,0,15576,1915,1680,308,1,1,1,1,840
408,280000,2,1,3,2007,1,14154,2006,2172,947,1,1,1,3,1063
409,339750,2,1,3,2008,0,10800,2007,2078,836,1,1,1,3,1034
410,60000,1,0,3,2009,0,9571,1958,1276,350,1,0,1,1,1276
411,145000,1,0,3,2006,0,34650,1955,1056,572,0,0,1,2,1056
412,222000,2,1,2,2010,0,4403,2009,1478,484,1,0,1,2,1470
413,115000,1,0,2,2010,0,8960,1927,1028,360,1,0,0,2,1008
414,228000,2,1,3,2008,0,11228,1993,2097,678,1,1,1,3,1080
415,181134,2,0,3,2007,0,8899,2007,1340,396,1,0,1,2,1340
416,149500,1,1,3,2006,0,7844,1978,1400,440,1,1,1,2,672
417,239000,2,1,4,2007,0,22420,1918,2624,864,1,1,1,3,1370
418,126000,1,1,3,2007,0,8160,1940,1134,240,1,0,1,1,756
419,142000,1,0,3,2010,0,8450,1968,1056,304,1,0,1,1,1056
420,206300,2,0,2,2008,0,7060,1997,1344,784,0,0,0,4,1344
421,215000,2,0,3,2009,0,16635,1977,1602,529,1,0,1,2,1602
422,113000,1,0,2,2008,0,21750,1954,988,520,1,0,1,2,988
423,315000,2,1,4,2008,1,9200,1998,2630,696,1,1,1,3,1470
424,139000,1,0,2,2008,0,9000,1956,1196,297,1,0,1,1,1196
425,135000,1,1,3,2009,0,3378,1946,1389,240,1,1,0,1,651
426,275000,2,0,2,2009,0,12800,1989,1644,569,1,0,1,2,1518
427,109008,1,0,3,2008,0,8593,1957,907,352,1,0,1,1,907
428,195400,2,0,2,2007,0,6762,2007,1208,628,1,0,1,2,1208
429,175000,2,0,3,2009,1,11457,1988,1412,576,1,0,1,2,1392
430,85400,1,1,2,2008,0,1680,1971,987,264,0,1,0,1,483
431,79900,1,0,4,2008,0,5586,1920,1198,0,1,0,0,0,901
432,122500,1,1,2,2007,0,1920,1971,1365,440,1,1,0,2,765
433,181000,2,1,3,2008,0,10839,1997,1604,470,1,1,1,2,926
434,81000,1,0,1,2008,0,1890,1972,630,0,0,0,0,0,630
435,212000,2,1,3,2009,0,10667,1996,1661,550,1,1,1,2,799
436,116000,1,0,2,2006,0,4400,1920,1118,440,1,0,0,2,648
437,119000,1,0,2,2009,0,6000,1926,904,180,1,0,0,1,884
438,90350,1,0,2,2007,0,4280,1913,694,352,1,0,1,1,440
439,110000,1,0,3,2009,0,12354,1920,1196,528,1,0,1,2,684
440,555000,2,0,2,2009,1,15431,2008,2402,672,1,0,1,3,3094
441,118000,2,0,4,2008,0,12108,1955,1440,0,0,0,1,0,1440
442,162900,2,0,3,2008,0,6240,1930,1573,360,1,0,0,2,1078
443,172500,2,0,2,2007,0,3922,2006,1258,648,1,0,1,3,1258
444,210000,2,1,4,2008,0,8750,1994,1908,493,1,1,1,2,915
445,127500,1,0,3,2009,0,9855,1956,1689,480,1,0,1,2,1436
446,190000,2,1,2,2010,0,16492,1966,1888,578,1,0,1,2,1517
447,199900,2,1,4,2006,0,11214,1998,1886,431,1,1,1,2,930
448,119500,2,0,3,2006,0,8600,1937,1376,198,1,0,0,1,780
449,120000,1,1,2,2007,0,6000,1948,1183,308,1,0,0,1,649
450,110000,1,0,2,2006,0,5684,1930,813,270,1,0,0,1,813
451,280000,2,0,2,2006,0,70761,1975,1533,576,1,0,1,2,1533
452,204000,2,1,3,2007,1,9303,1996,1756,422,1,1,1,2,872
453,210000,2,1,3,2009,0,9000,2008,1590,676,1,1,1,2,768
454,188000,2,0,4,2006,0,9297,1976,1728,560,0,0,1,2,1728
455,175500,1,1,3,2007,0,9600,1973,1242,528,1,0,1,2,1242
456,98000,1,0,4,2008,0,4571,1916,1344,513,1,1,0,3,624
457,256000,1,0,2,2008,0,53227,1954,1663,529,1,0,1,2,1364
458,161000,1,0,3,2008,0,5100,1925,1666,228,1,1,0,1,588
459,110000,1,0,3,2009,0,7015,1950,1203,352,1,0,1,1,709
460,263435,2,1,3,2009,0,8004,2009,1935,552,1,1,1,2,832
461,155000,1,0,3,2009,0,7200,1936,1135,576,1,1,1,2,560
462,62383,1,0,3,2009,0,8281,1965,864,360,1,0,1,1,864
463,188700,1,1,3,2008,0,11988,1934,1660,240,1,1,1,1,715
464,124000,2,0,3,2009,0,8430,1978,1040,0,1,0,1,0,1040
465,178740,2,0,2,2006,0,3072,2004,1414,398,1,0,0,2,1375
466,167000,1,0,2,2007,0,10628,1970,1277,526,1,0,1,2,1277
467,146500,1,1,3,2007,0,9480,1942,1644,312,1,1,1,1,728
468,250000,2,0,3,2007,1,11428,2006,1634,866,1,0,1,3,1626
469,187000,2,1,3,2008,0,9291,1993,1710,506,1,1,1,2,832
470,212000,1,1,1,2010,1,6820,1985,1502,528,1,0,1,2,1488
471,190000,2,1,3,2007,0,11952,1977,1969,534,1,1,1,2,808
472,148000,1,0,2,2008,0,3675,2005,1072,525,1,0,0,2,547
473,440000,2,0,2,2007,1,14977,2006,1976,908,1,0,1,3,1976
474,251000,2,0,2,2007,1,5330,2000,1652,499,1,0,1,2,1494
475,132500,1,0,2,2007,0,8480,1963,970,624,1,0,1,2,970
476,208900,2,0,3,2008,0,13125,1997,1493,508,1,0,1,2,1478
477,380000,2,1,3,2007,1,13693,2006,2643,694,1,1,1,3,2153
478,297000,2,0,3,2009,0,10637,2007,1718,826,1,0,1,3,1705
479,89471,1,0,2,2007,0,5925,1937,1131,672,1,0,0,2,907
480,326000,2,0,3,2006,1,16033,2004,1850,772,1,0,1,3,1833
481,374000,2,0,2,2006,1,11846,2003,1792,874,1,0,1,3,1792
482,155000,1,1,4,2009,0,2500,1915,1826,164,1,1,0,1,910
483,164000,2,0,2,2006,0,4500,1998,1216,402,0,0,0,2,1216
484,132500,1,0,3,2007,0,7758,1962,999,264,1,0,1,1,999
485,147000,1,0,3,2009,0,9600,1950,1113,264,1,0,1,1,1113
486,156000,1,1,3,2007,0,10289,1965,1073,515,1,0,1,2,1073
487,175000,2,0,3,2007,0,12243,1971,1484,487,1,0,1,2,1484
488,160000,2,0,3,2006,0,10800,1900,2414,520,0,0,1,2,954
489,86000,1,0,1,2009,0,1526,1970,630,286,0,0,0,1,630
490,115000,1,1,3,2008,0,2665,1976,1304,336,1,1,0,1,264
491,133000,1,0,3,2006,0,9490,1941,1578,240,1,0,1,1,806
492,172785,2,1,3,2006,0,15578,2006,1456,429,1,1,1,2,728
493,155000,1,1,3,2008,0,7931,1960,1269,308,1,0,1,1,1269
494,91300,1,0,2,2009,0,5784,1938,886,273,1,0,0,1,190
496,430000,3,0,4,2007,1,12692,1992,3228,546,1,0,1,2,3200
497,184000,2,0,4,2008,0,9120,1925,1820,240,1,0,1,1,1026
498,130000,1,0,3,2009,0,7800,1967,899,288,1,0,1,1,864
499,120000,1,0,2,2007,0,7535,1958,912,297,1,0,1,1,912
500,113000,1,1,3,2007,0,1890,1973,1218,264,0,1,0,1,672
501,226700,2,1,3,2008,0,9803,2005,1768,603,1,1,1,2,866
502,140000,1,0,2,2007,0,9170,1965,1214,461,1,0,1,2,1214
503,289000,2,0,1,2010,0,15602,1959,1801,484,1,0,1,2,1501
504,147000,2,1,3,2009,0,2308,1974,1322,440,1,1,1,2,855
505,124500,2,0,4,2009,0,7596,1952,1960,400,0,1,0,2,960
506,215000,2,1,3,2006,0,9554,1993,1911,471,1,1,1,2,777
507,208300,2,0,2,2009,0,7862,2009,1218,676,1,0,1,2,1218
508,161000,2,0,3,2008,0,9600,1928,1378,360,1,1,0,2,689
509,124500,1,0,3,2009,0,9600,1959,1041,270,1,0,1,1,1041
510,164900,1,0,2,2009,0,14559,1951,1363,288,1,0,1,1,1008
511,202665,2,0,2,2006,1,6792,2005,1368,474,1,0,1,2,1368
512,129900,1,0,3,2006,0,9100,1958,864,624,1,0,1,2,864
513,134000,1,1,3,2007,0,9187,1983,1080,484,1,0,1,2,1084
514,96500,1,0,2,2007,0,10594,1926,789,200,1,0,1,1,768
515,402861,2,1,3,2009,1,12220,2009,2020,900,1,0,1,3,2006
516,158000,2,1,3,2009,0,10448,1972,2119,583,1,0,1,2,689
517,265000,2,1,3,2009,1,10208,1996,2344,889,1,1,1,3,1264
518,211000,2,1,3,2007,0,9531,1998,1796,546,1,1,1,2,794
519,234000,1,1,3,2009,0,10918,1926,2080,282,1,1,1,1,1276
520,106250,2,0,3,2008,0,10800,1900,1294,0,0,1,1,0,0
521,150000,1,1,3,2007,0,11988,1957,1244,336,1,0,1,1,1244
522,159000,2,0,3,2006,0,5000,1947,1664,420,1,0,0,2,1004
523,184750,3,1,3,2007,0,40094,2007,4676,884,1,1,1,3,3138
524,315750,2,1,3,2007,1,11787,1996,2398,834,1,1,1,3,1379
525,176000,2,0,3,2006,0,7500,2005,1266,453,1,0,1,2,1257
526,132000,1,0,2,2007,0,13300,1956,928,252,1,0,1,1,928
527,446261,2,1,3,2008,1,14948,2008,2713,858,1,1,1,3,1452
528,86000,1,0,2,2007,0,9098,1920,605,0,1,0,1,0,528
529,200624,3,0,4,2007,0,32668,1957,2515,484,1,0,1,2,2035
530,175000,2,0,3,2008,1,10200,1988,1509,600,1,0,1,2,1461
531,128000,2,0,3,2008,0,6155,1920,1362,502,1,1,0,2,611
532,107500,1,0,2,2010,0,7200,1955,827,392,1,0,1,1,0
533,39300,1,0,1,2007,0,5000,1946,334,0,1,0,1,0,0
534,178000,2,1,3,2006,0,9056,2004,1414,403,1,1,1,2,707
535,107500,1,0,3,2008,0,7000,1910,1347,0,0,1,1,0,1117
536,188000,2,1,3,2008,0,8924,1998,1724,527,1,1,1,2,880
537,111250,1,0,3,2008,0,12735,1972,864,576,1,0,1,2,864
538,158000,1,1,3,2006,0,11553,1968,1159,336,1,0,1,1,1051
539,272000,2,0,3,2010,0,11423,2001,1601,670,1,0,1,2,1581
540,315000,2,0,2,2009,1,14601,2006,1838,765,1,0,1,3,1838
541,248000,2,1,4,2007,1,11000,2000,2285,648,1,1,1,3,969
542,213250,2,0,3,2009,0,10140,1998,1680,583,1,0,1,2,1650
543,133000,1,0,1,2007,0,4058,1998,767,367,1,0,0,1,723
544,179665,2,1,3,2006,0,17104,2006,1496,426,1,1,1,2,654
545,229000,2,1,4,2006,0,13837,1988,2183,786,1,0,1,3,1204
546,210000,1,1,3,2007,0,8737,1923,1635,440,1,0,1,2,1065
547,129500,1,0,2,2007,0,7244,1970,768,624,1,0,1,2,768
548,125000,1,0,2,2008,0,8235,1955,825,720,1,0,0,2,825
549,263000,2,1,4,2009,0,9375,2003,2094,615,1,1,1,2,912
550,140000,2,0,2,2008,0,4043,1977,1069,440,1,0,1,2,1069
551,112500,1,0,3,2008,0,6000,1957,928,288,1,0,0,1,928
552,255500,2,0,3,2009,1,11146,2006,1717,908,1,0,1,3,1709
553,108000,2,0,2,2009,0,8777,1949,1126,520,1,0,1,2,0
554,284000,2,1,3,2008,1,10625,2003,2046,871,1,1,1,3,998
555,113000,1,0,2,2006,0,6380,1922,1048,280,1,0,0,1,993
556,141000,1,0,2,2006,0,14850,1957,1092,299,1,0,1,1,1092
558,175000,2,1,3,2008,0,21872,1996,1446,406,1,1,1,2,729
559,234000,2,0,2,2006,0,3196,2003,1557,420,1,0,1,2,1374
560,121500,1,1,3,2010,0,11341,1957,1392,528,1,0,1,2,1392
561,170000,1,0,2,2006,0,10010,1974,1389,418,1,0,1,2,1389
562,108000,1,0,3,2008,0,13907,1940,996,0,1,0,1,0,996
563,185000,2,0,4,2008,0,21780,1918,1674,396,1,0,1,2,1163
564,268000,2,1,4,2006,1,13346,1992,2295,590,1,1,1,2,1095
565,128000,1,1,4,2010,0,6858,1915,1647,216,1,1,1,1,806
566,325000,2,1,4,2008,1,11198,2005,2504,656,1,1,1,3,1122
567,214000,2,0,3,2010,1,10171,2004,1535,532,1,0,1,2,1517
568,316600,1,1,1,2009,0,12327,1983,2132,612,1,0,1,2,1496
569,135960,1,0,2,2006,0,7032,1979,943,600,0,0,1,2,943
570,142600,2,0,6,2008,0,13101,1965,1728,576,0,0,1,2,1728
571,120000,1,0,2,2006,0,7332,1959,864,288,1,0,1,1,864
572,224500,2,1,3,2009,1,13159,2009,1692,650,1,1,1,2,846
573,170000,2,1,3,2007,0,9967,2000,1430,400,1,0,1,2,384
574,139000,1,0,3,2007,0,10500,1971,1109,288,1,0,1,1,372
575,118500,1,0,2,2008,0,8480,1947,1216,336,1,0,1,1,832
576,145000,2,0,3,2009,0,6292,1928,1477,216,1,0,1,1,861
577,164500,1,0,3,2006,0,11777,1966,1320,564,1,0,1,2,1164
578,146000,2,0,2,2008,0,3604,2007,1392,540,1,1,1,2,689
579,131500,2,0,4,2008,0,12150,1954,1795,352,1,0,0,1,1050
580,181900,1,0,3,2007,0,14585,1960,1429,572,1,0,1,2,1144
581,253293,2,1,3,2009,1,12704,2008,2042,1390,1,0,1,3,2042
582,118500,1,0,3,2007,0,11841,1990,816,0,0,0,1,0,816
583,325000,3,1,3,2008,0,13500,1893,2775,880,1,1,0,2,1237
584,133000,1,0,3,2009,0,6120,1935,1573,240,1,0,0,1,884
585,369900,2,0,2,2006,1,11443,2005,2028,880,1,0,1,3,1868
586,130000,1,0,2,2008,0,10267,1918,838,275,1,0,1,1,816
587,137000,1,0,2,2009,0,8740,1982,860,528,1,0,1,2,840
588,143000,1,0,1,2009,0,25095,1968,1473,452,1,0,1,1,1437
589,79500,1,0,2,2008,0,9100,1930,935,308,1,0,0,1,742
590,185900,2,1,3,2008,0,8320,2004,1582,520,1,1,1,2,770
591,451950,2,1,3,2009,1,13478,2008,2296,842,1,1,1,3,1722
592,138000,1,0,2,2008,0,6600,1982,816,816,1,0,1,2,816
593,140000,1,0,1,2009,0,4435,2003,848,420,1,0,0,2,848
594,110000,1,0,3,2008,0,7990,1975,924,280,1,0,1,1,924
595,319000,2,0,3,2006,1,11302,2005,1826,758,1,0,1,3,1814
596,114504,1,0,3,2006,0,3600,1910,1368,216,1,1,0,1,684
597,194201,0,2,2,2007,0,3922,2006,1402,648,1,0,1,3,1258
598,217500,2,0,3,2006,0,12984,1977,1647,621,1,0,1,2,1430
599,151000,2,1,3,2008,0,1950,1980,1556,452,0,1,0,2,716
600,275000,2,1,3,2006,1,10927,2005,1904,736,1,1,1,2,1058
601,141000,1,1,3,2007,0,9000,1937,1375,544,1,0,0,1,780
602,220000,2,1,3,2006,0,10041,1992,1915,506,1,1,1,2,908
603,151000,2,1,2,2010,0,3182,2004,1200,480,1,1,1,2,600
604,221000,2,0,3,2008,0,12803,2002,1494,530,1,0,1,2,1494
605,205000,2,1,3,2009,0,13600,1965,1986,486,1,1,1,2,768
606,152000,1,0,3,2009,0,12464,1996,1040,576,1,0,1,2,1040
607,225000,3,0,3,2006,0,7800,1948,2008,230,1,1,1,1,896
608,359100,2,1,4,2007,0,12168,1934,3194,380,1,1,1,2,965
609,118500,1,0,3,2007,0,7943,1961,1029,261,1,0,1,1,1029
610,313000,2,1,3,2009,0,11050,2000,2153,736,1,1,1,3,1440
611,148000,2,0,3,2007,0,10395,1978,1032,564,1,0,1,2,1032
612,261500,2,1,3,2009,0,11885,2001,1872,531,1,1,1,2,1299
613,147000,1,0,3,2007,0,8402,2007,1120,0,1,0,1,0,1120
614,75500,1,0,1,2010,0,1491,1972,630,0,1,0,0,0,630
615,137500,1,0,3,2010,0,8800,1963,1054,480,1,0,1,2,936
616,183200,2,1,3,2006,0,7861,2002,1509,393,1,1,1,2,783
617,105500,1,0,2,2008,0,7227,1954,832,528,1,0,1,2,832
618,314813,2,0,3,2007,1,11694,2007,1828,774,1,0,1,3,1822
619,305000,2,1,4,2008,1,12244,2003,2262,749,1,1,1,3,1482
620,67000,1,0,2,2008,0,8248,1914,864,0,1,0,1,0,864
621,240000,2,1,4,2008,0,10800,1974,2614,624,1,1,1,2,1522
622,135000,1,0,3,2009,0,7064,1977,980,484,1,0,1,2,980
623,168500,2,1,2,2007,0,2117,2000,1512,440,1,1,1,2,756
624,165150,1,2,4,2006,0,10400,1972,1790,484,1,1,1,2,732
625,160000,1,1,3,2010,0,10000,1962,1116,440,1,0,1,2,1116
626,139900,1,0,3,2007,0,12342,1960,1422,286,1,0,1,1,978
627,153000,1,0,3,2010,0,9600,1955,1520,364,1,0,1,1,1156
628,135000,1,2,5,2007,0,11606,1969,2080,504,1,1,1,2,1040
629,168500,1,1,3,2008,0,9020,1964,1350,520,1,0,1,2,1248
630,124000,1,0,3,2006,0,9000,1880,1750,240,1,1,0,1,636
631,209500,2,0,2,2007,1,4590,2006,1554,627,0,0,1,2,1554
632,82500,2,0,3,2009,0,11900,1977,1411,544,1,0,1,2,1386
633,139400,1,0,3,2007,0,9250,1954,1056,260,1,0,1,1,1056
634,144000,0,0,0,2010,0,6979,1980,1056,576,0,0,1,2,1056
635,200000,2,0,8,2007,0,10896,1914,3395,0,0,1,0,0,1440
636,60000,1,0,1,2009,0,6120,1936,800,0,1,0,0,0,264
637,93000,2,0,3,2009,0,6000,1954,1387,256,0,0,0,1,811
638,85000,1,0,2,2008,0,8777,1910,796,0,1,0,1,0,796
639,264561,2,0,1,2006,0,3982,2006,1567,648,1,0,1,3,1520
640,274000,1,1,1,2008,1,12677,2003,1518,588,1,0,1,2,1518
641,226000,2,1,3,2007,0,7050,2001,1929,650,1,1,1,2,1057
642,345000,2,1,4,2009,0,13860,1972,2704,538,1,0,1,2,1952
643,152000,2,1,4,2007,0,10793,1969,1620,462,1,1,1,2,780
644,370878,2,1,2,2009,0,9187,2009,1766,478,1,0,1,3,1766
645,143250,1,1,3,2007,0,10530,1971,981,576,1,0,1,2,981
646,98300,1,0,3,2008,0,7200,1950,1048,420,1,0,1,2,0
647,155000,1,0,3,2008,0,10452,1953,1094,495,1,0,1,2,1094
648,155000,1,1,4,2010,0,7700,1966,1839,442,1,1,1,2,756
649,84500,1,0,1,2007,0,1936,1970,630,0,0,0,0,0,630
650,205950,2,1,3,2008,0,8125,2007,1665,562,1,1,1,2,813
651,108000,1,0,4,2009,0,9084,1940,1510,296,1,1,1,1,755
652,191000,2,1,2,2009,0,8750,1996,1716,512,1,1,1,2,880
653,135000,1,0,3,2008,0,10320,1906,1469,216,1,0,0,1,756
654,350000,2,1,2,2008,1,10437,1995,2113,839,1,0,1,3,2109
655,88000,1,1,3,2010,0,1680,1971,1092,264,0,1,0,1,525
656,145500,1,1,3,2008,0,10007,1959,1053,312,1,0,1,1,1053
657,149000,1,1,3,2008,0,7200,1931,1502,270,1,1,1,1,776
658,97500,1,0,3,2010,0,17503,1948,1458,330,1,0,1,1,912
659,167000,1,0,3,2009,0,9937,1964,1486,480,1,0,1,2,1486
660,197900,2,1,3,2007,0,12384,1976,1935,550,1,1,1,2,793
661,402000,2,1,4,2009,1,46589,1994,2448,711,1,1,1,3,1629
662,110000,1,0,2,2009,0,13560,1968,1392,576,1,0,1,2,1392
663,137500,2,0,3,2008,0,10012,1972,1181,588,1,0,1,2,1138
664,423000,1,1,1,2006,0,20896,2005,2097,1134,1,0,1,3,2077
665,230500,2,1,3,2006,0,11194,2000,1936,504,1,1,1,2,1406
666,129000,2,1,3,2007,0,18450,1965,2380,596,1,1,1,2,1021
667,193500,2,0,3,2008,0,8125,1994,1679,575,1,0,1,2,1408
668,168000,1,1,3,2006,0,14175,1956,1437,576,1,0,1,2,1188
669,137500,1,0,2,2006,0,11600,1922,1180,252,1,0,1,1,700
670,173500,2,1,3,2009,0,8633,2005,1476,540,1,1,1,2,738
671,103600,2,0,3,2009,0,6629,1925,1369,300,1,1,0,1,672
672,165000,1,1,3,2006,1,11250,1977,1208,546,1,0,1,2,1208
673,257500,2,0,3,2007,0,14442,1957,1839,416,1,0,1,2,1477
674,140000,1,0,3,2008,0,9200,1965,1136,384,1,0,1,1,1136
675,148500,2,1,3,2009,0,2289,1978,1441,440,0,1,1,2,855
676,87000,2,0,4,2006,0,9600,1900,1774,779,1,1,0,3,1095
677,109500,1,0,2,2009,0,9022,1924,792,240,1,0,1,1,768
678,372500,2,1,3,2009,1,11844,2008,2046,834,1,0,1,3,2046
679,128500,1,0,3,2007,0,9945,1961,988,572,1,0,1,2,988
680,143000,2,0,2,2010,0,8012,1980,923,264,1,0,1,1,923
681,159434,1,0,3,2009,0,4500,1932,1520,281,1,0,0,1,793
682,173000,1,0,2,2008,0,2887,1996,1291,431,1,0,1,2,1291
683,285000,2,0,3,2007,0,11248,2002,1668,702,1,0,1,3,1626
684,221000,2,1,4,2010,1,16770,1998,1839,486,1,1,1,2,1195
685,207500,2,0,3,2007,1,5062,1984,2090,577,1,1,1,2,1190
686,227875,3,0,3,2007,0,10207,2007,1761,578,1,1,1,2,874
687,148800,2,1,2,2007,0,5105,2004,1102,480,1,1,1,2,551
688,392000,2,0,2,2007,1,8089,2007,1419,567,1,0,1,2,1419
689,194700,2,0,2,2007,1,7577,2005,1362,460,1,0,1,2,1362
690,141000,1,0,1,2008,0,4426,2004,848,420,1,0,0,2,848
691,755000,3,1,4,2007,1,21535,1994,4316,832,1,1,1,3,2444
692,335000,2,1,4,2006,1,26178,1989,2519,628,1,1,1,2,1210
693,108480,1,0,2,2006,0,5400,1921,1073,326,1,0,1,1,1073
694,141500,1,1,3,2009,0,6120,1936,1539,576,1,0,0,2,927
695,176000,2,0,2,2006,1,13811,1987,1137,551,1,0,1,2,1112
696,89000,1,0,2,2006,0,6000,1921,616,205,1,0,0,1,616
697,123500,1,0,2,2006,0,6420,1952,1148,308,1,0,1,1,980
698,138500,1,0,3,2010,0,8450,1965,894,336,1,0,1,1,894
699,196000,2,0,2,2008,0,4282,2004,1391,530,1,0,1,2,1391
700,312500,2,0,3,2006,1,14331,2002,1800,765,1,0,1,3,1800
701,140000,1,1,3,2006,0,9600,1969,1164,528,1,0,1,2,1164
702,361919,2,1,4,2006,1,12438,2006,2576,666,1,1,1,3,1234
703,140000,2,0,4,2010,0,7630,1900,1812,672,0,1,0,2,360
704,213000,2,0,3,2010,0,8400,2004,1484,606,1,0,1,2,1473
705,55000,2,0,3,2010,0,5600,1930,1092,0,0,1,0,0,0
706,302000,2,0,2,2007,0,115149,1971,1824,739,1,0,1,2,1643
707,254000,2,0,2,2009,1,6240,2006,1324,550,1,0,1,2,1324
708,179540,2,1,3,2007,0,9018,2007,1456,400,1,1,1,2,728
709,109900,1,0,3,2008,0,7162,1966,904,408,1,0,1,1,876
710,52000,1,0,2,2008,0,4130,1935,729,0,1,0,1,0,270
712,189000,2,0,2,2008,1,4671,1988,1228,472,1,0,1,2,1228
713,129000,1,0,3,2006,0,9873,1970,960,576,0,0,1,2,960
714,130500,2,1,3,2010,0,13517,1976,1479,475,1,1,1,2,725
715,165000,2,0,3,2009,0,10140,1974,1350,478,1,0,1,2,1064
716,159500,1,1,3,2007,0,10800,1890,2554,704,1,1,0,2,718
717,157000,1,1,3,2008,0,10000,1973,1178,439,1,0,1,2,1176
718,341000,2,1,3,2008,1,10542,1993,2418,983,1,1,1,3,1311
719,128500,1,1,3,2006,0,9920,1969,971,300,1,0,1,1,971
720,275000,2,0,2,2006,1,6563,1985,1742,564,1,0,1,2,1742
721,143000,1,0,1,2010,0,4426,2004,848,420,1,0,0,2,848
722,124500,1,0,3,2009,0,8120,1970,864,463,1,0,1,2,864
723,135000,2,0,4,2008,0,8172,1954,1470,548,1,0,1,1,941
724,320000,2,0,3,2009,0,13286,2007,1698,768,1,0,1,3,1698
725,120500,1,0,3,2009,0,6960,1970,864,660,1,0,1,2,864
726,222000,2,0,3,2009,0,21695,1988,1680,540,1,0,1,2,880
727,194500,2,0,2,2009,0,7314,2007,1232,632,1,0,1,2,1232
728,110000,2,0,4,2009,0,11475,1958,1776,888,0,0,1,3,1584
729,103000,1,0,2,2009,0,6240,1925,1208,539,1,0,0,2,780
730,236500,2,0,2,2010,1,5389,1995,1616,608,1,0,1,2,1595
731,187500,2,0,3,2007,1,9590,2003,1146,438,1,0,1,2,868
732,222500,2,1,3,2008,0,11404,1998,2031,541,1,1,1,2,1153
733,131400,1,0,3,2009,0,10000,1961,1144,264,1,0,1,1,864
734,108000,1,0,3,2007,0,8978,1968,948,300,1,0,1,1,948
735,163000,1,1,2,2006,0,10800,1914,1768,320,1,1,0,2,880
736,93500,2,0,2,2006,0,8544,1950,1040,400,0,0,1,2,0
737,239900,2,1,3,2006,0,10463,2005,1801,800,1,1,1,3,893
738,179000,3,0,3,2009,0,10800,1987,1200,0,0,0,1,0,1200
739,190000,2,1,3,2009,0,9313,2004,1728,572,1,1,1,2,864
740,132000,2,0,2,2007,0,9600,1910,1432,360,1,1,0,2,264
741,142000,1,0,3,2008,0,6768,1961,912,288,1,0,1,1,912
742,179000,2,0,3,2007,0,8450,2000,1349,539,1,0,1,2,1349
743,175000,2,0,3,2009,0,12886,1963,1464,480,1,0,1,2,520
744,180000,2,0,2,2008,1,5395,1993,1337,462,1,0,1,2,1337
745,299800,3,1,4,2008,0,8963,1976,2715,831,1,1,1,2,1142
746,236000,2,1,4,2009,0,8795,2000,2256,554,1,1,1,2,952
747,265979,1,1,4,2009,0,11700,1880,2640,864,1,1,0,4,1240
748,260400,2,0,3,2010,1,10593,1996,1720,527,1,0,1,2,1720
749,98000,2,0,4,2009,0,8405,1945,1529,240,1,0,1,1,0
750,96500,1,0,3,2010,0,8800,1910,1140,0,1,0,0,0,576
751,162000,2,1,3,2007,0,7750,2003,1320,400,1,1,1,2,660
752,217000,2,0,3,2006,0,9236,1997,1494,576,1,0,1,2,1479
753,275500,2,1,3,2006,1,10240,2005,2098,878,1,1,1,3,1030
754,156000,1,0,3,2009,0,7930,1969,1026,440,1,0,1,2,1026
755,172500,2,1,3,2009,0,3230,1999,1471,440,1,1,1,2,729
756,212000,2,1,3,2009,0,10769,2007,1768,578,1,1,1,2,866
757,158900,2,1,3,2010,0,11616,1978,1386,440,1,1,1,2,672
758,179400,2,1,3,2008,0,2280,1999,1501,440,0,1,1,2,744
759,290000,2,1,4,2007,1,12257,1995,2531,752,1,1,1,3,1318
760,127500,1,0,2,2009,0,9100,1959,864,300,1,0,1,1,864
761,100000,1,0,2,2009,0,6911,1924,1301,440,1,0,0,2,1145
762,215200,2,1,3,2010,0,8640,2009,1547,614,1,1,1,2,756
763,337000,2,1,3,2009,1,9430,1999,2365,856,1,1,1,3,1252
764,270000,1,1,2,2006,1,9549,1995,1494,481,1,0,1,2,1494
765,264132,2,0,2,2008,0,14587,2008,1506,592,1,0,1,2,1498
766,196500,2,1,3,2010,0,10421,1988,1714,496,1,1,1,2,980
767,160000,2,0,4,2008,0,12508,1940,1750,423,1,0,1,1,983
768,216837,2,0,3,2006,0,9100,2004,1836,484,1,0,1,2,1860
769,538000,3,1,4,2010,1,53504,2003,3279,841,1,1,1,3,1650
770,134900,1,0,2,2009,0,7252,1982,858,576,1,0,1,2,858
771,102000,1,0,2,2006,0,8877,1951,1220,396,1,0,1,2,836
772,107000,1,0,3,2010,0,7819,1976,1117,672,1,0,1,2,1029
773,114500,1,0,2,2007,0,10150,1958,912,275,1,0,1,1,912
774,395000,2,0,3,2007,1,14226,2006,1973,895,1,0,1,3,1935
775,162000,2,0,2,2009,0,4500,1998,1204,412,1,0,0,2,1204
776,221500,2,0,3,2006,0,11210,2005,1614,865,1,0,1,3,1614
777,142500,1,0,3,2006,0,13350,1974,894,440,1,0,1,2,864
778,144000,2,0,4,2007,0,8400,1977,2020,630,0,0,0,2,0
779,135000,1,0,2,2006,0,10530,1977,1004,504,0,0,1,2,975
780,176000,2,0,3,2007,0,7875,1995,1253,402,1,0,1,2,1237
781,175900,2,1,3,2006,0,7153,1992,1603,484,1,1,1,2,761
782,187100,2,0,3,2009,0,16285,2001,1430,605,1,0,1,2,1413
783,165500,1,0,1,2009,0,9101,1978,1110,602,1,0,1,2,1097
784,128000,2,0,3,2008,0,6300,1914,1484,0,1,1,0,0,742
785,161500,2,0,3,2009,0,9790,1967,1342,457,1,0,1,2,1372
786,139000,2,0,4,2010,0,10800,1915,1652,416,1,0,0,1,686
787,233000,2,1,4,2010,0,10142,2004,2084,618,1,1,1,2,956
788,107900,1,0,2,2008,0,6000,1954,901,281,1,0,0,1,901
789,187500,2,1,5,2007,0,12205,1966,2087,444,1,1,1,2,832
790,160200,2,0,2,2009,0,3182,2005,1145,397,1,0,1,2,1145
791,146800,1,0,3,2007,0,11333,1976,1062,539,1,0,1,2,1029
792,269790,2,1,3,2007,1,9920,1996,2013,455,1,1,1,2,1117
793,225000,2,0,3,2007,0,9158,2007,1496,474,1,0,1,2,1496
794,194500,2,1,3,2008,0,10832,1994,1895,409,1,1,1,2,712
795,171000,2,1,3,2010,0,8400,1980,1564,476,1,1,1,2,650
796,143500,1,1,3,2007,0,8197,1977,1285,528,1,0,1,2,660
797,110000,1,0,2,2008,0,7677,1953,773,240,1,0,1,1,773
798,485000,3,1,4,2009,1,13518,2008,3140,820,1,1,1,3,1926
799,175000,1,1,3,2007,0,7200,1937,1768,240,1,0,1,1,731
800,200000,2,1,4,2008,0,12798,1997,1688,603,1,1,1,2,616
801,109900,1,0,2,2007,0,4800,1916,1196,440,1,0,0,2,1196
802,189000,2,1,3,2008,0,8199,2005,1456,410,1,1,1,2,728
803,582933,3,1,4,2009,1,13891,2008,2822,1020,1,1,1,3,1734
804,118000,1,0,2,2006,0,9000,1954,1128,286,1,0,1,1,936
805,227680,2,0,3,2008,0,12274,2008,1428,554,1,0,1,2,1417
806,135500,2,0,3,2006,0,9750,1967,980,384,1,0,1,1,980
807,223500,1,1,3,2009,0,21384,1923,1576,528,1,1,1,2,1324
808,159950,1,0,3,2006,0,13400,1966,1086,484,1,0,1,2,1024
809,106000,2,0,2,2009,0,8100,1898,2138,360,1,1,0,2,849
810,181000,1,1,3,2006,0,10140,1974,1309,484,1,0,1,2,1040
811,144500,1,0,1,2008,0,4438,2004,848,420,1,0,0,2,848
813,157900,1,1,4,2007,0,9750,1958,1442,301,1,0,1,1,1442
814,116000,1,1,3,2006,0,8248,1918,1250,280,1,0,1,1,686
815,224900,2,0,3,2010,0,12137,1998,1661,598,1,0,1,2,1649
816,137000,1,0,2,2006,0,11425,1954,1008,275,1,0,1,1,1008
817,271000,2,0,3,2008,0,13265,2002,1689,857,1,0,1,3,1568
818,155000,1,0,3,2010,0,8816,1971,1052,440,1,0,1,2,1010
819,224000,2,0,2,2010,1,6371,2009,1358,484,1,0,1,2,1358
820,183000,2,1,3,2008,0,7226,2003,1640,595,1,1,1,2,798
821,93000,1,0,2,2009,0,6000,1953,936,576,0,0,0,2,936
822,225000,2,1,3,2007,0,12394,2003,1733,433,1,1,1,2,847
823,139500,2,0,3,2009,0,9900,1940,1489,240,1,0,1,1,778
824,232600,2,0,3,2006,0,11216,2006,1489,776,1,0,1,2,1489
825,385000,2,0,2,2008,1,14803,2007,2084,1220,1,0,1,3,2078
826,109500,1,0,2,2008,0,6130,1924,784,0,1,0,0,0,784
827,189000,2,0,3,2009,0,8529,2001,1434,527,1,0,1,2,1454
828,185000,2,1,3,2009,0,28698,1967,2126,538,1,1,1,2,1013
829,147400,2,1,2,2006,0,2544,2005,1223,480,0,1,1,2,600
830,166000,1,1,3,2008,0,11900,1957,1392,458,1,0,1,2,1392
831,151000,2,1,2,2006,0,3180,2005,1200,480,1,1,1,2,600
832,237000,2,1,3,2010,0,9548,2003,1829,613,1,1,1,2,941
833,167000,1,1,3,2009,0,10004,1964,1516,472,1,0,1,2,1516
834,139950,1,0,3,2008,0,7875,1961,1144,456,1,0,1,2,1144
835,128000,2,0,2,2010,0,9600,1950,1067,436,1,0,1,2,1067
836,153500,1,0,2,2007,0,8100,1948,1559,812,1,0,0,2,1559
837,100000,1,1,2,2008,0,1680,1973,987,264,0,1,0,1,483
838,144000,1,1,3,2008,0,9525,1995,1099,352,1,0,1,1,1099
839,130500,1,0,3,2008,0,11767,1946,1200,240,1,0,1,1,768
840,140000,2,0,4,2008,0,12155,1925,1482,400,1,1,0,1,672
841,157500,2,0,3,2008,0,10440,1904,1539,686,1,1,0,2,650
842,174900,1,1,3,2008,0,9020,1966,1165,490,1,0,1,2,1127
843,141000,2,0,6,2007,0,8000,1961,1800,0,0,0,1,0,1800
844,153900,1,1,4,2008,0,12665,1915,1416,720,1,0,0,3,876
845,171000,2,0,3,2007,0,16647,1975,1701,611,1,0,1,2,1390
846,213000,2,1,3,2009,0,9317,1993,1775,425,1,1,1,2,740
847,133500,1,0,3,2009,0,15523,1972,864,338,1,0,1,1,864
848,240000,3,0,5,2008,0,45600,1908,2358,360,1,0,1,2,907
849,187000,2,1,3,2007,1,9600,1976,1855,512,1,0,1,2,528
850,131500,1,0,1,2007,0,4435,2003,848,420,1,0,0,2,848
851,215000,2,0,2,2006,0,3196,2003,1456,400,1,0,1,2,1273
852,164000,2,0,4,2007,0,7128,1941,1646,240,1,1,1,1,918
853,158000,1,1,3,2009,0,12095,1964,1445,645,1,0,1,2,1127
854,170000,1,1,3,2006,0,17920,1955,1779,454,1,0,1,2,1763
855,127000,1,1,3,2010,0,6897,1962,1040,260,1,0,1,1,1040
856,147000,1,0,3,2008,0,10970,1978,1026,576,1,0,1,2,940
857,174000,2,1,3,2009,0,8125,1994,1481,343,1,1,1,2,702
858,152000,2,0,3,2009,0,10400,1976,1370,479,1,0,1,2,1090
859,250000,2,1,4,2006,0,11029,1968,2654,619,1,1,1,2,1054
860,189950,1,1,3,2007,0,7642,1918,1426,216,1,0,1,1,912
861,131500,1,1,3,2010,0,11625,1965,1039,504,0,0,1,2,1039
862,152000,2,0,3,2010,0,9672,1984,1097,480,1,0,1,2,1040
863,132500,1,0,3,2009,0,7931,1959,1148,672,1,0,1,1,1148
864,250580,2,0,3,2008,0,8640,2007,1372,529,1,0,1,2,1372
865,148500,1,0,3,2009,0,8750,1970,1002,902,1,0,1,2,1002
866,248900,2,0,3,2007,1,10656,2006,1646,870,1,0,1,3,1638
867,129000,1,1,3,2007,0,6970,1961,1120,544,1,0,1,2,1040
868,169000,2,0,2,2006,0,14762,1948,2320,672,1,1,1,2,0
869,236000,2,1,3,2010,0,9938,1993,1949,574,1,1,1,2,1050
870,109500,1,0,2,2009,0,6600,1962,894,308,1,0,1,1,894
871,200500,2,1,3,2010,0,8750,1998,1682,523,1,1,1,2,804
872,116000,1,0,3,2008,0,8892,1953,910,414,1,0,1,2,105
873,133000,1,0,3,2009,0,12144,1949,1268,288,1,0,1,1,832
874,66500,1,1,3,2009,0,5720,1941,1131,200,1,0,0,1,676
875,303477,2,1,4,2007,0,9000,2007,2610,550,1,1,1,2,1184
876,132250,1,0,3,2007,0,25286,1963,1040,648,1,0,1,2,1064
877,350000,2,1,4,2009,1,8834,2004,2224,738,1,1,1,3,1462
878,148000,1,0,3,2010,0,11782,1961,1155,576,1,0,1,2,1109
879,136500,1,0,3,2009,0,7000,1978,864,336,1,0,1,1,864
880,157000,1,1,2,2007,0,7024,2005,1090,450,1,0,1,2,1090
881,187500,2,1,3,2007,1,13758,1990,1717,400,1,0,1,2,1156
882,178000,2,1,3,2009,0,9636,1992,1593,389,1,1,1,2,808
883,118500,1,0,5,2006,0,6204,1912,2230,440,1,1,1,1,795
884,100000,1,0,3,2009,0,7150,1967,892,288,1,0,1,1,892
885,328900,2,0,2,2008,0,5119,1999,1709,506,1,0,1,2,1698
886,145000,2,0,4,2006,0,8393,1959,1712,588,0,0,1,2,1626
887,135500,1,1,3,2008,0,16466,1955,1393,300,1,0,1,1,816
888,268000,2,0,4,2007,0,15865,1970,2217,621,1,0,1,2,2217
889,149500,1,0,2,2009,0,12160,1953,1505,505,1,0,1,2,1505
890,122900,1,0,3,2007,0,8064,1949,924,576,1,0,1,2,672
891,172500,2,1,3,2009,0,11184,1978,1683,440,1,1,1,2,918
892,154500,1,0,3,2006,0,8414,1963,1068,264,1,0,1,1,1059
893,165000,1,0,3,2008,0,13284,1954,1383,354,1,0,1,1,1383
894,118858,2,0,4,2009,0,7018,1979,1535,400,0,0,1,2,0
895,140000,1,1,4,2008,0,7056,1963,1796,483,1,1,1,2,780
896,106500,1,0,2,2006,0,8765,1936,951,327,1,0,0,1,951
897,142953,2,0,6,2009,0,7018,1979,2240,528,0,1,1,2,0
898,611657,2,1,2,2010,1,12919,2009,2364,820,1,0,1,3,2330
899,135000,1,0,3,2006,0,6993,1961,1236,288,1,0,1,1,912
900,110000,1,0,2,2007,0,7340,1971,858,684,1,0,1,1,858
901,153000,1,0,2,2009,0,8712,1957,1306,756,1,0,1,1,992
902,180000,2,1,3,2006,0,7875,2003,1509,393,1,1,1,2,783
903,240000,2,0,3,2006,0,14859,2006,1670,690,1,0,1,3,1670
904,125500,1,0,3,2007,0,6173,1967,902,288,1,0,1,1,876
905,128000,1,0,3,2010,0,9920,1954,1063,280,1,0,1,1,1056
906,255000,2,0,3,2007,0,13501,2006,1636,865,1,0,1,3,1623
907,250000,1,1,3,2006,0,11500,1936,2057,180,1,0,1,1,1017
908,131000,1,0,2,2006,0,8885,1983,902,484,1,0,1,2,864
909,174000,2,1,3,2009,0,12589,2005,1484,390,1,1,1,2,742
910,154300,2,0,5,2010,0,11600,1960,2274,480,0,1,1,2,1105
911,143500,1,1,3,2009,0,9286,1977,1268,252,1,0,1,1,1268
912,88000,1,0,3,2006,0,6120,1925,1015,450,1,0,0,1,768
913,145000,2,0,4,2007,0,6270,1949,2002,871,0,1,0,3,1001
914,173733,2,1,2,2009,0,3000,2009,1224,528,1,1,1,2,612
915,75000,1,1,3,2007,0,2001,1970,1092,286,0,1,0,1,546
917,135000,1,0,3,2009,0,17140,1956,1229,284,1,0,1,1,1134
918,238000,2,1,4,2007,0,13125,1991,2127,833,1,1,1,3,1104
919,176500,1,0,3,2008,0,11029,1958,1414,601,1,0,1,2,1184
920,201000,2,1,3,2007,0,8462,1994,1721,471,1,1,1,2,928
921,145900,2,2,4,2008,0,8777,1900,2200,0,0,0,1,0,1272
922,169990,2,0,3,2006,0,10237,2005,1316,397,1,0,1,2,1316
923,193000,2,0,2,2008,0,8012,1993,1617,533,1,0,1,2,1604
924,207500,2,0,3,2006,0,10240,1980,1686,612,1,0,1,2,1686
925,175000,2,0,3,2008,0,15611,1977,1126,540,1,0,1,2,1126
926,285000,2,1,4,2007,1,11999,2003,2374,656,1,1,1,3,1181
927,176000,2,1,4,2008,0,9900,1968,1978,486,1,1,1,2,832
928,236500,2,0,3,2009,0,11838,2001,1788,522,1,0,1,2,1753
929,222000,2,1,4,2006,0,13006,1997,2236,642,1,1,1,2,964
930,201000,2,0,3,2009,1,8925,2007,1466,610,1,0,1,3,1466
931,117500,1,0,2,2009,0,9100,1965,925,429,1,0,1,1,925
932,320000,2,0,3,2007,0,11670,2006,1905,788,1,0,1,3,1905
933,190000,2,0,3,2009,0,8487,2004,1500,570,1,0,1,2,1500
934,242000,2,0,4,2008,0,27650,1960,2069,505,1,0,1,2,585
935,79900,1,0,1,2006,0,5825,1926,747,528,1,0,1,2,600
936,184900,2,0,2,2009,0,10083,2003,1200,555,1,0,1,2,1176
937,253000,2,1,3,2009,0,9675,2005,1971,689,1,1,1,2,1113
938,239799,2,1,3,2006,0,8760,2006,1962,868,1,1,1,3,1391
939,244400,2,0,4,2010,0,24090,1940,2403,349,1,1,1,1,1032
940,150900,2,0,4,2006,0,12640,1976,1728,574,0,0,1,2,1728
941,214000,2,1,3,2009,0,8755,1999,2060,390,1,1,1,2,992
942,150000,2,0,4,2007,0,7711,1977,1440,0,0,0,1,0,1440
943,143000,2,0,4,2007,0,25000,1967,1632,576,0,0,1,2,1632
944,137500,1,0,3,2009,1,14375,1958,1344,525,1,0,1,2,819
945,124900,1,0,2,2009,0,8820,1890,1869,456,1,0,0,2,1088
946,143000,1,0,3,2006,0,8163,1959,1144,796,1,0,1,1,1144
947,270000,2,0,3,2007,1,14536,2002,1629,808,1,0,1,3,1616
948,192500,2,1,3,2006,0,14006,2002,1776,474,1,1,1,2,936
949,197500,1,1,3,2010,0,9360,1972,1381,676,1,0,1,2,1161
950,129000,1,0,3,2007,0,7200,1950,864,720,1,0,1,2,864
951,119900,1,0,3,2006,0,7800,1965,965,300,1,0,0,1,828
952,133900,1,0,2,2009,0,7200,1972,768,396,1,0,1,1,768
953,172000,2,1,4,2008,0,11075,1969,1968,530,1,1,1,2,784
954,127500,2,0,4,2006,0,9400,1975,980,0,0,0,1,0,945
955,145000,2,0,4,2007,0,7136,1946,1958,492,0,1,0,2,979
956,124000,1,1,2,2009,0,1300,1980,1229,462,1,1,0,2,561
957,132000,1,0,3,2007,0,7420,1962,1057,576,1,0,1,2,1057
958,185000,2,0,3,2007,0,8450,2003,1337,531,1,0,1,2,1337
959,155000,2,1,3,2010,0,2572,1999,1416,484,0,1,1,2,696
960,116500,1,0,2,2010,0,7207,1958,858,0,1,0,1,0,858
961,272000,2,1,4,2008,0,12227,1977,2872,619,1,1,1,2,1330
962,155000,2,1,3,2007,0,2308,1976,1548,440,1,1,1,2,804
963,239000,2,0,2,2009,0,11923,2007,1800,702,1,0,1,2,1800
964,214900,2,1,4,2010,1,11316,2002,1894,510,1,1,1,2,817
965,178900,2,1,3,2007,0,10237,2005,1484,393,1,1,1,2,783
966,160000,1,1,2,2009,0,9600,1940,1308,256,1,0,1,1,728
967,135000,1,0,3,2008,0,7390,1955,1098,260,1,0,1,1,1098
968,37900,1,0,2,2009,0,5925,1910,968,0,1,0,0,0,600
969,140000,1,0,2,2006,0,10382,1958,1095,264,0,0,1,1,588
970,135000,1,1,4,2006,0,10800,1949,1192,0,1,0,1,0,720
971,173000,2,0,2,2009,1,2268,2003,1626,474,0,1,1,2,764
972,99500,2,0,2,2010,0,7892,1979,918,264,1,0,1,1,918
973,182000,2,0,3,2008,0,11639,2007,1428,480,1,0,1,2,1428
974,167500,1,0,3,2009,0,11414,1910,2019,532,1,1,1,2,728
975,165000,2,1,3,2006,0,2651,2000,1382,490,0,1,1,2,673
976,85500,1,0,2,2006,0,5900,1923,869,0,1,0,1,0,440
977,199900,1,1,1,2007,0,4274,2006,1241,569,1,0,1,2,1241
978,110000,1,0,3,2007,0,9450,1954,894,400,1,0,1,2,894
979,139000,1,0,3,2009,0,8816,1963,1121,480,1,0,1,2,1121
980,178400,1,0,3,2008,0,12122,1961,999,588,1,0,1,2,944
981,336000,2,1,4,2009,1,12203,1998,2612,676,1,1,1,3,1225
982,159895,2,0,2,2008,0,3182,2007,1266,388,1,0,1,2,1266
983,255900,2,1,4,2008,0,11250,2002,2290,779,1,1,1,2,1128
984,126000,2,0,4,2009,0,10125,1977,1734,539,0,0,1,2,0
985,125000,1,0,3,2008,0,10880,1950,1164,240,0,0,1,1,1164
986,117000,1,0,2,2006,0,5310,1910,1635,255,1,0,0,1,485
987,395192,2,1,3,2010,1,10159,2009,1940,606,1,0,1,3,1930
988,195000,2,1,4,2007,0,12046,1976,2030,551,1,1,1,2,848
989,197000,2,1,3,2006,0,8125,2006,1576,614,1,1,1,2,770
990,348000,2,1,3,2006,1,9452,1997,2392,870,1,1,1,3,1396
991,168000,1,1,4,2009,0,17671,1882,1742,424,1,1,0,2,916
992,187000,2,1,3,2007,0,9760,1964,1851,440,1,1,1,2,822
993,173900,2,1,3,2006,0,8846,2005,1500,564,1,1,1,2,750
994,337500,2,0,3,2009,1,12456,2006,1718,786,1,0,1,3,1700
995,121600,1,1,3,2006,0,4712,1946,1230,305,1,0,1,1,747
996,136500,1,0,3,2006,0,10659,1961,1050,368,1,0,1,1,1050
997,185000,2,0,2,2009,0,11717,1970,1442,615,1,0,1,2,1442
998,91000,1,0,3,2006,0,9786,1922,1077,210,1,0,0,1,1007
999,206000,2,0,2,2010,0,6762,2006,1208,632,1,0,1,2,1187
1000,82000,1,0,2,2009,0,10206,1952,944,528,1,0,1,2,0
1001,86000,1,0,2,2007,0,5400,1920,691,216,1,0,1,1,691
1002,232000,2,0,3,2008,0,11957,2006,1574,824,1,0,1,3,1574
1003,136905,2,0,4,2007,0,11500,1976,1680,528,0,0,1,2,1680
1004,181000,2,0,1,2009,0,3182,2005,1504,457,1,0,1,2,1346
1005,149900,2,0,3,2008,0,8385,1977,985,328,1,0,1,1,985
1006,163500,2,0,3,2007,0,12155,1970,1657,484,1,0,1,2,1657
1007,88000,1,1,3,2009,0,2217,1970,1092,286,1,1,0,1,546
1008,240000,2,0,3,2009,0,12118,2004,1710,550,1,0,1,2,1710
1009,102000,2,0,4,2006,0,6000,1926,1522,0,1,0,1,0,1008
1010,135000,2,0,4,2008,0,21286,1948,1271,312,1,0,1,1,720
1011,100000,2,0,4,2010,0,9825,1965,1664,0,0,0,1,0,0
1012,165000,1,1,3,2007,0,10592,1923,1502,180,1,1,1,1,602
1013,85000,1,0,2,2009,0,7200,1910,1022,280,1,0,0,1,1022
1014,119200,1,0,2,2007,0,11664,1948,1082,240,1,0,1,1,1082
1015,227000,2,1,3,2009,0,8400,2001,1665,528,1,1,1,2,810
1016,203000,2,0,3,2009,0,11883,1996,1504,478,1,0,1,2,1504
1017,187500,1,0,1,2009,1,5814,1984,1360,565,1,0,1,2,1220
1018,160000,2,1,3,2007,0,10784,1991,1472,402,1,0,1,2,384
1019,213490,2,0,2,2006,0,3013,2005,1506,440,1,0,1,2,1362
1020,176000,1,1,2,2008,0,7024,2005,1132,451,1,0,1,2,1132
1021,194000,2,0,2,2006,0,7406,2006,1220,632,1,0,1,2,1199
1022,87000,1,0,2,2007,0,9439,1930,1248,160,1,0,0,1,912
1023,191000,2,0,2,2008,0,3182,2005,1504,437,1,0,1,2,1346
1024,287000,2,0,2,2008,1,15498,1976,2898,665,1,0,1,2,1565
1025,112500,1,0,3,2007,0,7700,1972,882,461,1,0,1,2,882
1026,167500,1,0,3,2010,0,9300,1960,1264,461,1,0,1,2,1268
1027,293077,2,0,3,2008,1,9520,2007,1646,800,1,0,1,3,1638
1028,105000,1,0,3,2007,0,9492,1941,1376,240,1,0,1,1,768
1029,118000,1,1,3,2006,0,1680,1972,1218,264,0,1,0,1,672
1030,160000,2,0,5,2006,0,7082,1916,1928,0,0,1,0,0,686
1031,197000,2,1,5,2009,0,15863,1920,3082,672,1,1,1,2,824
1032,310000,2,1,5,2006,1,14541,1993,2520,796,1,1,1,3,1338
1033,230000,2,0,3,2006,0,8125,2002,1654,900,1,0,1,3,1654
1034,119750,1,0,2,2007,0,6305,1938,954,240,1,0,1,1,920
1035,84000,1,0,3,2009,0,11500,1957,845,290,1,0,1,1,0
1036,315500,2,0,2,2009,1,12898,2007,1620,912,1,0,1,3,1620
1037,287000,2,1,3,2008,0,9240,2001,2263,905,1,1,1,2,1055
1038,97000,1,1,3,2009,0,1533,1970,1344,0,0,1,0,0,546
1039,80000,1,0,1,2009,0,1477,1970,630,286,1,0,0,1,630
1040,155000,2,0,3,2006,0,13125,1957,1803,484,1,0,1,2,1134
1041,173000,1,1,4,2008,0,9130,1966,1632,484,1,1,1,2,800
1042,196000,2,0,1,2009,1,5381,2005,1306,624,0,0,1,2,1306
1043,262280,2,1,4,2008,0,11839,1990,2329,514,1,1,1,2,1475
1044,278000,2,1,4,2009,0,9600,1981,2524,542,1,0,1,2,2524
1045,139600,2,0,4,2009,0,13680,1955,1733,452,1,0,1,2,0
1046,556581,3,1,4,2006,1,16056,2005,2868,716,1,1,1,3,1992
1047,145000,1,0,3,2008,0,9245,1994,990,672,1,0,1,2,990
1048,115000,1,0,3,2009,0,21750,1960,1771,336,1,0,1,2,0
1049,84900,1,0,2,2010,0,11100,1946,930,308,1,0,1,1,0
1050,176485,2,0,3,2007,0,8993,2007,1302,436,1,0,1,2,1302
1051,200141,2,0,3,2007,0,11175,2007,1316,440,1,0,1,2,1316
1052,165000,1,1,4,2007,0,9500,1964,1977,540,1,1,1,2,816
1053,144500,1,0,4,2010,0,8562,1957,1526,364,1,0,1,1,1216
1054,255000,2,1,3,2006,0,11367,2002,1989,586,1,1,1,2,1065
1055,180000,2,0,3,2008,0,11361,1976,1523,478,1,0,1,2,1193
1056,185850,2,0,2,2006,1,7052,2005,1364,484,1,0,1,2,1364
1057,248000,2,1,3,2009,1,29959,1994,1850,467,1,1,1,2,973
1058,335000,2,1,3,2009,1,11308,2008,2184,836,1,1,1,3,1104
1059,220000,1,1,3,2007,0,11275,1932,1991,432,1,0,1,2,854
1060,213500,2,0,2,2010,1,4920,2001,1338,582,1,0,1,2,1338
1062,90000,2,0,5,2007,0,13600,1900,2337,560,0,1,0,2,662
1063,110500,1,0,2,2006,0,6000,1925,1103,440,1,0,0,2,1103
1064,154000,1,1,3,2009,0,11000,1966,1154,480,1,0,1,2,1154
1065,328000,2,1,3,2010,0,14000,1996,2260,533,1,1,1,2,1306
1066,178000,2,1,3,2009,0,7837,1993,1571,380,1,1,1,2,799
1067,167900,1,1,4,2008,0,9760,1964,1611,442,1,1,1,2,780
1068,151400,2,1,5,2006,0,3964,1973,2521,576,1,1,0,2,942
1069,135000,1,0,2,2007,0,9600,1949,893,576,1,0,1,2,845
1070,135000,1,0,3,2007,0,10152,1956,1048,286,1,0,1,1,1048
1071,154000,1,1,4,2009,0,11700,1968,1556,441,1,1,1,2,727
1072,91500,1,0,4,2006,0,7585,1948,1456,280,1,0,1,1,810
1073,159500,1,1,3,2009,0,7950,1977,1426,440,1,1,1,2,690
1074,194000,2,0,2,2007,0,8556,2006,1240,826,1,0,1,3,1240
1075,219500,1,1,3,2007,0,13125,1940,1740,240,1,1,1,1,800
1076,170000,2,0,3,2006,0,10800,1936,1466,566,1,0,1,2,796
1077,138800,1,0,3,2006,0,15870,1969,1096,299,1,0,1,1,1096
1078,155900,1,0,1,2006,0,4435,2004,848,420,1,0,0,2,848
1079,126000,1,0,3,2007,0,8775,1994,990,299,1,0,1,1,990
1080,145000,2,0,3,2008,0,11040,1971,1258,528,1,0,1,2,1258
1081,133000,1,1,3,2010,0,7500,1963,1040,308,1,0,1,1,1040
1082,192000,2,0,3,2007,0,8749,2002,1459,527,1,0,1,2,1459
1083,160000,1,0,3,2006,0,8800,1964,1251,461,1,0,1,1,1251
1084,187500,2,1,3,2006,0,13031,1995,1498,409,1,1,1,2,691
1085,147000,1,0,2,2010,0,9069,1992,996,564,1,0,1,2,936
1086,83500,1,1,3,2010,0,1974,1973,1092,286,1,1,0,1,546
1087,252000,2,1,3,2009,0,10574,2005,1953,1043,1,1,1,3,1082
1088,137500,2,0,3,2006,0,2522,2004,1709,380,0,1,0,2,970
1089,197000,1,1,1,2006,0,3316,2005,1247,550,1,0,1,2,1247
1090,92900,2,0,2,2009,0,8544,1950,1040,400,0,0,1,2,0
1091,160000,2,1,2,2008,0,2160,1999,1252,462,0,1,1,2,600
1092,136500,2,0,4,2008,0,8400,1925,1694,576,1,0,1,2,1181
1093,146000,1,1,1,2006,0,9230,1965,1200,884,1,0,1,2,864
1094,129000,1,0,2,2010,0,5868,1956,936,308,1,0,1,1,936
1095,176432,2,0,3,2007,0,9317,2006,1314,440,1,0,1,2,1314
1096,127000,1,1,3,2007,0,6882,1914,1355,0,1,1,0,0,684
1097,170000,1,1,2,2007,1,3696,1986,1088,461,1,0,1,2,1074
1098,128000,1,0,3,2009,0,6000,1936,1324,240,1,0,0,1,672
1099,157000,2,0,3,2009,0,11880,1978,1601,478,1,0,1,2,1271
1100,60000,1,0,1,2009,0,8400,1920,438,246,1,0,1,1,290
1101,119500,1,0,3,2007,0,9758,1971,950,280,1,0,1,1,950
1102,135000,1,0,2,2007,0,7000,1960,1134,254,1,0,1,1,1010
1103,159500,1,0,3,2006,0,8910,1959,1194,539,1,0,1,2,655
1104,106000,2,1,3,2007,0,2016,1970,1302,440,1,1,0,2,630
1105,325000,2,1,3,2010,1,12256,1994,2622,712,1,1,1,2,1463
1106,179900,2,0,3,2007,0,10357,1990,1442,719,1,0,1,2,910
1107,274725,2,1,3,2006,0,23257,2006,2021,422,1,1,1,2,868
1108,181000,2,1,3,2007,0,8063,2000,1690,463,1,1,1,2,924
1109,280000,2,0,3,2009,1,11362,2004,1836,862,1,0,1,3,1836
1110,188000,2,1,3,2008,0,8000,1995,1658,431,1,1,1,2,773
1111,205000,2,1,4,2008,0,10480,1976,1964,483,1,1,1,2,803
1112,129900,1,0,2,2006,0,7100,1957,816,308,1,0,1,1,816
1113,134500,1,0,2,2007,0,8923,1953,1008,240,1,0,1,1,1008
1114,117000,1,0,2,2006,0,5400,1954,833,326,1,0,1,1,833
1115,318000,2,0,3,2007,1,12085,2007,1734,928,1,0,1,3,1734
1116,184100,2,1,3,2009,0,7750,2002,1419,527,1,0,1,2,408
1117,130000,1,0,3,2008,0,9764,1967,894,450,1,0,1,2,894
1118,140000,1,0,3,2008,0,13825,1958,1601,300,1,0,1,1,533
1119,133700,1,0,3,2006,0,7560,1959,1040,286,1,0,1,1,1040
1120,118400,1,0,2,2007,0,8263,1920,1012,308,1,0,0,1,1012
1121,212900,2,0,3,2006,0,10084,2005,1552,782,1,0,1,3,1552
1122,112000,1,0,3,2009,0,8926,1956,960,288,1,0,1,1,672
1123,118000,1,0,2,2009,0,9405,1947,698,0,1,0,1,0,698
1124,163900,2,1,3,2007,0,9125,1992,1482,392,1,0,1,2,384
1125,115000,1,0,2,2009,0,10434,1955,1005,672,1,0,1,2,1005
1126,174000,2,0,2,2009,0,3684,2007,1555,660,1,0,1,3,1373
1127,259000,2,0,3,2007,0,14572,2004,1530,630,1,0,1,3,1530
1128,215000,2,1,4,2007,0,11796,2004,1959,434,1,1,1,2,847
1129,140000,1,0,2,2007,0,7200,1980,936,672,0,0,0,2,936
1130,135000,2,0,4,2009,0,7804,1928,1981,576,1,0,1,2,1122
1131,93500,1,0,3,2007,0,10712,1991,974,0,1,0,1,0,974
1132,117500,2,0,5,2007,0,9900,1880,2210,205,1,1,0,1,1008
1133,239500,2,1,3,2009,0,9828,1995,2020,466,1,1,1,2,1128
1134,169000,2,1,3,2007,0,8773,1997,1600,460,1,1,1,2,916
1135,102000,1,0,2,2007,0,6180,1926,986,180,1,0,0,1,960
1136,119000,1,0,3,2008,0,9600,1950,1252,288,1,0,1,1,1032
1137,94000,1,0,2,2010,0,6342,1875,1020,0,1,0,1,0,780
1138,196000,2,0,2,2009,0,9819,1977,1567,714,1,0,1,2,1567
1139,144000,1,0,3,2007,0,8731,1920,1167,495,1,0,1,2,915
1140,139000,1,0,2,2008,0,7350,1951,952,840,1,0,1,2,952
1141,197500,2,1,4,2009,0,10304,1976,1868,484,1,1,1,2,780
1142,424870,3,0,4,2007,0,9965,2006,2828,1052,1,1,1,3,1466
1143,80000,1,0,3,2008,0,9000,1959,1006,0,1,0,1,0,1006
1144,80000,1,0,2,2010,0,12180,1941,924,280,0,0,1,1,672
1145,149000,1,0,3,2006,0,6240,1928,1576,225,1,0,0,1,1042
1146,180000,2,0,3,2006,0,11200,1985,1298,403,1,0,1,2,1298
1147,174500,1,1,3,2009,0,12000,1941,1564,234,1,1,1,1,704
1148,116900,1,0,2,2008,0,5700,1926,1111,288,1,0,0,1,572
1149,143000,1,0,3,2009,0,9000,1920,1482,324,1,1,0,2,650
1150,124000,1,0,2,2007,0,8280,1950,932,306,1,0,1,1,932
1151,149900,1,1,3,2006,0,17755,1959,1466,528,1,0,1,2,1466
1152,230000,1,0,2,2006,0,14115,1956,1811,470,1,0,1,2,1073
1153,120500,1,0,2,2008,0,5890,1930,816,432,1,0,0,1,816
1154,201800,1,2,4,2008,0,13700,1965,1820,492,1,1,1,2,864
1155,218000,2,0,3,2007,1,10768,1976,1437,528,1,0,1,2,1437
1156,179900,2,0,3,2008,0,9350,1965,1265,502,1,0,1,2,1219
1157,230000,2,0,2,2009,1,5001,2007,1314,626,0,0,1,2,1314
1158,235128,2,0,3,2008,0,11932,2007,1580,830,1,0,1,3,1580
1159,185000,2,1,4,2008,0,9120,1974,1876,540,1,1,1,2,901
1160,146000,2,1,3,2010,0,2280,1978,1456,440,0,1,1,2,855
1161,224000,1,0,3,2008,0,14778,1954,1640,924,1,0,1,2,1296
1162,129000,1,0,3,2007,0,8724,1968,894,450,1,0,1,2,894
1163,108959,0,2,0,2008,0,12900,1969,1258,400,0,0,1,2,1198
1164,194000,1,1,2,2007,1,16157,1978,1432,588,1,0,1,2,1360
1165,233170,2,0,3,2009,1,9541,2009,1502,644,1,0,1,2,1502
1166,245350,2,0,3,2010,0,10475,2008,1694,776,1,0,1,3,1694
1167,173000,2,1,3,2006,0,10852,2000,1671,472,1,1,1,2,959
1168,235000,2,0,4,2008,0,13728,1935,2108,540,1,1,1,2,1127
1169,625000,3,1,4,2006,1,35760,1995,3627,807,1,1,1,3,1930
1170,171000,1,0,3,2008,0,9880,1977,1118,358,1,0,1,1,1096
1171,163000,1,0,3,2008,0,9120,1958,1261,433,1,0,1,2,1261
1172,171900,2,1,2,2008,0,4017,2006,1250,625,1,1,1,2,625
1173,200500,3,0,3,2007,0,18030,1946,3086,0,1,0,1,0,1598
1174,239000,2,1,4,2006,0,16560,1932,2345,360,1,1,1,2,952
1175,285000,2,1,4,2007,1,10678,1992,2872,541,1,0,1,2,1683
1176,119500,1,0,3,2008,0,6951,1984,923,264,1,0,1,1,876
1177,115000,1,0,3,2009,0,3950,1926,1224,210,1,0,0,1,818
1178,154900,1,1,3,2009,0,7681,1921,1343,186,1,0,1,1,731
1179,93000,1,0,3,2006,0,8335,1954,1124,0,1,0,1,0,0
1180,250000,2,1,4,2006,1,11170,1990,2514,693,1,1,1,2,1216
1181,392500,2,0,2,2008,0,5587,2008,1652,482,1,0,0,2,1600
1182,745000,3,1,4,2007,1,15623,1996,4476,813,1,1,1,3,2396
1183,120000,1,0,2,2006,0,10800,1920,1130,720,1,0,1,2,1120
1184,186700,1,1,3,2007,1,35133,1963,1572,995,1,0,1,3,1572
1185,104900,1,0,4,2006,0,9738,1924,1221,392,1,0,1,1,784
1186,95000,2,0,3,2009,0,10615,1900,1699,420,0,1,1,2,978
1187,262000,2,0,2,2006,1,12461,1994,1624,757,1,0,1,3,1624
1188,195000,2,1,3,2009,0,8935,2002,1660,493,1,1,1,2,831
1189,189000,2,1,3,2010,0,7500,1999,1804,442,1,1,1,2,994
1190,168000,1,0,3,2007,0,32463,1961,1622,1356,0,0,1,4,1249
1191,174000,2,1,2,2007,0,2645,1999,1441,492,0,1,1,2,776
1192,125000,1,0,3,2007,0,9600,1925,1472,250,1,0,0,1,702
1193,165000,2,0,2,2009,0,4500,1999,1224,402,1,0,0,2,1224
1194,158000,1,1,4,2010,0,9364,1969,1352,299,1,1,1,1,663
1195,176000,2,1,3,2008,0,8029,2005,1456,400,1,1,1,2,728
1196,219210,2,1,4,2006,0,14054,2006,1863,660,1,1,1,3,879
1197,144000,1,0,3,2006,0,8850,1916,1690,225,1,1,0,1,815
1198,178000,2,0,3,2009,0,9100,2001,1212,573,1,0,1,2,1212
1199,148000,1,1,3,2006,0,11235,1963,1382,459,1,0,1,2,1051
1200,116050,1,0,3,2006,0,9353,1970,864,280,1,0,1,1,864
1201,197900,2,1,3,2009,0,10400,1998,1779,546,1,1,1,2,866
1202,117000,1,0,3,2009,0,6000,1925,1348,216,1,0,0,1,884
1203,213000,2,0,3,2009,0,9750,2000,1630,451,1,0,1,2,1630
1204,153500,1,1,3,2006,0,10140,1975,1074,495,1,0,1,2,1056
1205,271900,2,0,3,2009,0,14684,1990,2196,701,1,0,1,3,2158
1206,107000,1,0,2,2006,0,8900,1966,1056,384,1,0,0,1,1056
1207,200000,2,0,3,2006,0,9135,2003,1700,544,1,0,1,2,1682
1208,140000,1,0,3,2008,0,7763,1962,1283,506,1,0,1,2,931
1209,290000,2,0,3,2006,0,10182,2006,1660,500,1,0,1,2,1660
1210,189000,2,1,3,2010,0,11218,1992,1845,462,1,1,1,2,1055
1211,164000,2,0,4,2010,0,12134,1988,1752,492,1,0,1,2,559
1212,113000,1,0,2,2009,0,9340,1941,672,234,1,0,1,1,672
1213,145000,0,0,0,2006,0,10246,1965,960,364,1,0,1,1,648
1214,134500,1,0,3,2006,0,10205,1962,999,300,1,0,1,1,925
1215,125000,1,0,3,2007,0,7094,1966,894,384,1,0,1,1,894
1216,112000,2,0,4,2010,0,8930,1978,1902,539,0,0,0,2,0
1217,229456,2,0,3,2009,0,8640,2009,1314,552,1,0,1,2,1300
1218,80500,1,0,2,2006,0,6240,1947,912,0,1,0,0,0,0
1219,91500,1,1,3,2006,0,1680,1971,1218,0,0,1,0,0,672
1220,115000,1,0,2,2006,0,7800,1964,912,288,1,0,1,1,912
1221,134000,1,0,3,2008,0,8250,1968,1211,322,1,0,1,1,952
1222,143000,2,0,3,2007,0,10496,1949,1846,315,1,0,1,1,1040
1223,137900,2,0,4,2006,0,10680,1951,2136,528,1,0,1,2,2136
1224,184000,2,1,3,2008,0,15384,2004,1490,388,1,1,1,2,788
1225,145000,1,0,3,2007,0,10482,1958,1138,264,1,0,1,1,588
1226,214000,2,1,4,2008,0,14598,2007,1933,668,1,1,1,3,894
1227,147000,1,0,2,2008,0,8872,1965,912,576,1,0,1,2,912
1228,367294,1,1,1,2008,1,8769,2008,1702,1052,1,0,1,3,1702
1229,127000,2,0,4,2008,0,7910,1960,1507,404,1,0,1,1,1075
1230,190000,2,2,4,2007,0,18890,1977,2620,600,0,0,1,2,1361
1231,132500,1,0,3,2006,0,7728,1962,1190,540,0,0,1,2,1106
1232,101800,2,0,2,2007,0,9842,1962,1224,462,0,0,1,2,0
1233,142000,1,0,3,2010,0,12160,1959,1188,531,1,0,1,2,1188
1234,130000,1,1,4,2008,0,8525,1911,1964,0,1,1,0,0,940
1235,138887,1,1,4,2006,0,13132,1914,1784,180,1,1,1,1,747
1236,175500,2,1,2,2010,1,2628,2003,1626,474,0,1,1,2,764
1237,195000,2,1,4,2006,0,12393,2004,1948,434,1,1,1,2,847
1238,142500,1,1,3,2006,0,13072,2005,1141,484,1,0,1,2,1141
1239,265900,2,0,2,2007,1,9037,2006,1484,472,1,0,1,2,1476
1240,224900,2,1,3,2008,0,8158,2003,1768,543,1,1,1,2,884
1241,248328,2,0,3,2007,0,9849,2007,1689,954,1,0,1,3,1689
1242,170000,2,0,3,2010,0,10625,1974,1173,528,1,0,1,2,1053
1243,465000,2,1,2,2006,1,13891,2006,2076,850,1,0,1,3,2076
1244,230000,1,0,3,2006,0,11435,1929,1517,400,1,1,1,2,792
1245,178000,3,1,3,2007,0,12090,1984,1868,477,1,0,1,2,585
1246,186500,2,1,3,2006,0,8125,2005,1553,615,1,1,1,2,756
1247,169900,1,0,3,2010,0,12328,1976,1034,888,1,0,1,3,1012
1248,129500,1,1,3,2008,0,9600,1917,2058,396,1,1,0,2,735
1249,119000,1,0,3,2007,0,7200,1950,988,276,1,0,1,1,876
1250,244000,2,1,3,2010,0,11160,1968,2110,522,1,0,1,2,2110
1251,171750,2,0,2,2006,1,3136,2003,1405,478,1,0,1,2,1405
1252,130000,1,0,3,2009,0,9858,1968,874,288,1,0,1,1,864
1253,294000,2,1,3,2007,1,17542,1974,2167,518,1,1,1,2,1192
1254,165400,2,1,3,2008,0,6931,2003,1656,397,1,1,1,2,746
1255,127500,1,0,3,2007,0,6240,1931,1367,560,1,0,0,1,884
1256,301500,2,0,2,2008,1,14303,1994,1987,691,1,0,1,2,1986
1257,99900,1,0,2,2009,0,4060,1922,864,0,1,0,1,0,864
1258,190000,2,0,2,2008,0,9587,2005,1166,400,1,0,1,2,856
1259,151000,1,1,3,2008,0,9750,1969,1054,460,1,0,1,2,1054
1260,181000,2,1,3,2009,0,24682,1999,1675,502,1,1,1,2,841
1261,128900,1,0,2,2009,0,9600,1956,1050,338,1,0,1,1,1050
1262,161500,1,0,5,2009,0,11250,1957,1788,304,1,0,1,1,1104
1263,180500,1,0,3,2007,0,13515,1919,1824,520,1,1,1,2,764
1264,181000,2,0,2,2008,0,4060,1998,1337,511,1,0,0,2,1405
1265,183900,2,1,3,2006,0,3735,1999,1452,506,1,1,1,2,691
1266,122000,1,1,4,2007,0,10120,1910,1889,308,0,1,0,1,925
1267,378500,2,0,3,2010,1,13214,2008,2018,746,1,0,1,3,2002
1268,381000,3,1,4,2008,0,14100,1935,3447,1014,1,0,1,3,728
1269,144000,1,1,3,2007,0,11344,1958,1524,315,1,0,1,1,874
1270,260000,0,1,0,2010,0,23595,1979,1524,586,1,0,1,2,1332
1271,185750,2,0,3,2009,0,9156,1968,1489,462,1,0,1,2,1489
1272,137000,1,0,3,2006,0,13526,1965,935,288,1,0,1,1,935
1273,177000,1,0,2,2008,0,11512,1959,1357,312,1,0,1,1,1019
1274,139000,2,0,3,2007,0,5362,1910,1250,552,1,0,1,2,661
1275,137000,2,0,4,2007,0,11345,1948,1920,400,0,1,1,2,928
1276,162000,1,1,3,2009,0,12936,1972,1395,497,1,1,1,2,723
1277,197900,1,1,3,2009,0,17871,1967,1724,480,1,0,1,2,1680
1278,237000,2,1,3,2008,0,9473,2002,2031,577,1,1,1,2,1128
1280,227000,2,0,3,2009,0,9808,2002,1573,544,1,0,1,2,1573
1281,180000,2,0,2,2006,1,8049,1990,1339,484,1,0,1,2,1309
1282,150500,2,0,3,2009,0,8800,1977,1040,484,1,0,1,2,1040
1283,139000,2,2,4,2010,0,9400,1971,1824,0,0,1,1,0,912
1284,169000,2,0,4,2010,0,9638,1919,2447,336,1,0,1,1,804
1285,132500,1,0,4,2009,0,6000,1939,1412,280,1,0,0,1,780
1286,143000,1,1,3,2010,0,9790,1963,1328,528,1,0,1,2,1328
1287,190000,2,0,4,2006,0,36500,1964,1582,390,1,0,1,2,1624
1288,278000,2,0,2,2009,1,5664,2000,1659,499,1,0,1,2,1501
1289,281000,2,1,3,2006,1,11065,2006,1970,753,1,1,1,3,1085
1290,180500,1,0,3,2010,0,14112,1964,1152,484,1,0,1,2,1152
1291,119500,2,1,3,2009,0,1680,1972,1302,264,0,1,0,1,630
1292,107500,2,0,4,2009,0,6600,1892,2372,432,1,1,0,1,994
1293,162900,2,1,4,2006,0,10140,1976,1664,528,1,1,1,2,832
1294,115000,1,0,2,2006,0,8172,1955,864,572,1,0,1,2,864
1295,138500,1,1,3,2006,0,8400,1968,1052,288,1,0,1,1,1052
1296,155000,2,0,3,2008,0,8700,1963,1128,525,1,0,1,2,1120
1297,140000,2,0,2,2006,0,3675,2005,1072,525,1,0,0,2,547
1298,160000,2,1,3,2008,0,63887,2008,5642,1418,1,1,1,2,6110
1299,154000,1,1,3,2010,0,7500,1959,1246,305,1,0,1,1,1246
1300,225000,2,1,3,2009,0,10762,1999,1983,490,1,1,1,2,978
1301,177500,1,0,3,2009,0,7500,1942,1494,213,1,1,1,1,771
1302,290000,2,1,4,2006,1,10120,1994,2526,844,1,1,1,3,1165
1303,232000,2,0,3,2006,0,8688,2005,1616,834,1,0,1,3,1616
1304,130000,2,0,3,2006,0,3363,2004,1708,380,1,1,0,2,976
1305,325000,2,0,2,2009,1,13173,2006,1652,840,1,0,1,2,1652
1306,202500,2,0,2,2006,1,6955,2005,1368,474,1,0,1,2,1368
1307,138000,1,0,3,2009,0,8072,1994,990,480,1,0,1,2,990
1308,147000,1,0,2,2008,0,12000,1948,1122,528,1,0,0,2,924
1309,179200,2,0,3,2008,0,7153,1991,1294,496,1,0,1,2,1278
1310,335000,2,0,3,2010,0,17500,1959,1902,567,1,0,1,2,1902
1311,203000,2,0,3,2007,0,8814,2005,1274,508,1,0,1,2,1274
1312,302000,2,1,4,2007,1,9572,1990,2810,750,1,1,1,2,1453
1313,333168,2,1,4,2010,1,14774,1999,2599,779,1,1,1,3,1393
1314,119000,1,0,3,2007,0,8190,1954,948,280,1,0,1,1,948
1315,206900,2,1,4,2008,0,11075,1969,2112,576,1,1,1,2,952
1316,295493,2,0,3,2009,0,10226,2008,1630,860,1,0,1,3,1622
1317,208900,2,0,2,2007,0,4230,2006,1352,466,1,0,1,2,1352
1318,275000,2,0,3,2006,0,14781,2001,1787,748,1,0,1,3,1753
1319,111000,1,0,3,2007,0,10215,1954,948,248,1,0,1,1,864
1320,156500,1,1,3,2009,0,8400,1957,1478,442,1,0,1,2,1478
1321,72500,1,0,2,2008,0,6627,1949,720,287,1,0,1,1,0
1322,190000,2,1,3,2010,1,10186,1992,1923,564,1,1,1,2,750
1323,82500,1,0,2,2009,0,5330,1940,708,0,1,0,1,0,420
1324,147000,2,0,2,2007,0,9986,2006,1795,895,1,0,1,3,1795
1325,55000,1,0,2,2008,0,3636,1922,796,0,1,0,0,0,796
1326,79000,1,0,3,2007,0,4270,1931,774,0,1,0,0,0,544
1327,130500,1,0,3,2008,0,6600,1982,816,264,1,0,1,1,816
1328,256000,2,0,5,2008,0,10440,1920,2792,520,1,0,0,2,1510
1329,176500,2,1,3,2006,0,9084,1998,1632,462,1,1,1,2,935
1330,227000,2,0,3,2007,0,10000,2006,1588,825,1,0,1,3,1588
1331,132500,1,0,3,2006,0,10780,1976,954,576,1,0,1,2,911
1332,100000,1,0,2,2009,0,8877,1938,816,288,1,0,1,1,816
1333,125500,1,1,2,2006,0,7200,1938,1360,297,1,0,0,1,803
1334,125000,1,1,3,2009,0,2368,1970,1365,440,1,1,0,2,765
1335,167900,2,0,2,2009,0,9650,1977,1334,630,1,0,1,2,1350
1336,135000,2,0,4,2008,0,9246,1973,1656,506,0,0,1,2,1656
1337,52500,1,0,2,2006,0,4118,1941,693,0,1,0,0,0,693
1338,200000,2,1,3,2006,0,13450,2002,1861,492,1,1,1,2,916
1339,128500,1,0,3,2006,0,9560,1972,864,288,1,0,1,1,864
1340,123000,1,0,3,2007,0,8294,1971,872,480,1,0,1,4,858
1341,155000,1,0,3,2008,0,13695,2003,1114,576,1,0,1,2,1114
1342,228500,2,1,3,2007,0,9375,2002,2169,647,1,1,1,2,1284
1343,177000,1,1,3,2009,0,7558,1928,1913,342,1,0,1,2,896
1344,155835,2,1,3,2007,0,11103,2006,1456,440,1,1,1,2,728
1345,108500,1,0,2,2007,0,6000,1920,960,308,1,0,0,1,960
1346,262500,2,0,3,2006,0,20781,1968,2156,508,1,0,1,2,1568
1347,283463,2,0,3,2007,1,15306,2006,1776,712,1,0,1,3,1732
1348,215000,2,0,3,2007,0,16196,1998,1494,514,1,0,1,2,1482
1349,122000,2,0,4,2008,0,5250,1872,2358,0,1,1,0,0,684
1350,200000,2,2,6,2009,0,11643,1969,2634,968,0,1,1,4,1248
1351,171000,1,1,4,2008,0,9247,1962,1716,490,1,1,1,2,858
1352,134900,1,0,2,2009,0,6000,1937,1176,624,1,0,0,2,698
1353,410000,2,1,4,2010,1,14720,1995,3238,666,1,0,1,3,2033
1354,235000,2,1,3,2008,0,10316,2000,1865,839,1,1,1,3,992
1355,170000,3,0,4,2006,0,10192,1968,1920,487,1,0,1,2,570
1356,110000,1,0,3,2008,0,9477,1966,892,264,1,0,1,1,864
1357,149900,1,1,3,2010,0,12537,1971,1078,500,1,0,1,2,1078
1358,177500,2,1,3,2010,0,2117,2000,1573,440,0,1,1,2,756
1359,315000,2,0,3,2006,1,16737,2004,1980,770,1,0,1,3,1980
1360,189000,3,1,4,2008,0,9842,1921,2601,621,1,1,1,2,612
1361,260000,2,0,3,2009,1,16158,2005,1530,430,1,0,1,2,1530
1362,104900,2,0,4,2009,0,12513,1920,1738,368,1,0,1,1,715
1363,156932,2,1,3,2007,0,8499,2006,1412,432,1,1,1,2,616
1364,144152,2,1,2,2006,0,3180,2005,1200,480,1,1,1,2,600
1365,216000,2,1,3,2010,0,7500,2000,1674,663,1,1,1,2,814
1366,193000,2,1,3,2008,0,9179,1999,1790,588,1,1,1,2,873
1367,127000,2,0,4,2006,0,2665,1977,1475,336,1,1,0,1,757
1368,144000,1,0,1,2009,0,4435,2003,848,420,1,0,0,2,848
1369,232000,2,0,3,2010,0,10635,2003,1668,502,1,0,1,2,1657
1370,105000,1,0,2,2009,0,5400,1920,1374,338,1,0,1,1,840
1371,165500,1,0,3,2008,0,9600,1955,1661,377,1,0,1,1,992
1372,274300,2,1,3,2006,0,9750,1998,2097,583,1,1,1,2,1108
1373,466500,2,1,2,2007,1,11400,2001,2633,804,1,0,1,3,2633
1374,250000,2,1,3,2008,0,10625,2005,1958,936,1,1,1,3,1026
1375,239000,2,0,3,2007,1,10991,2007,1571,722,1,0,1,3,1571
1376,91000,1,0,2,2008,0,6292,1930,790,160,1,0,1,1,768
1377,117000,2,0,3,2009,0,10998,1941,1604,660,1,0,1,2,984
1378,83000,1,1,2,2006,0,1953,1973,987,264,0,1,0,1,483
1379,167500,2,1,3,2008,1,9735,2006,1394,400,1,0,1,2,384
1380,58500,1,0,2,2010,0,8212,1914,864,200,1,0,1,1,864
1381,237500,2,1,4,2008,0,12925,1970,2117,550,1,0,1,2,1205
1382,157000,1,1,4,2006,0,7200,1920,1762,576,1,1,0,2,596
1383,112000,2,0,3,2007,0,25339,1918,1416,576,1,0,1,2,816
1384,105000,1,0,2,2009,0,9060,1939,1258,280,1,0,1,1,560
1385,125500,1,0,3,2010,0,5436,1922,1154,240,1,0,0,1,796
1386,250000,3,1,5,2006,0,16692,1978,2784,564,1,1,1,2,1392
1387,136000,2,0,5,2007,0,8520,1916,2526,216,1,0,0,1,714
1388,377500,2,0,3,2009,0,14892,2006,1746,758,1,0,1,3,1746
1389,131000,1,0,3,2007,0,6000,1941,1218,440,1,0,0,2,735
1390,235000,2,0,3,2006,0,9100,2000,1525,541,1,0,1,2,1525
1391,124000,2,0,4,2009,0,8944,1967,1584,792,0,0,1,3,1584
1392,123000,1,0,3,2006,0,7838,1967,900,288,1,0,1,1,864
1393,163000,2,0,3,2008,0,10800,1905,1912,672,0,0,0,2,482
1394,246578,2,0,2,2006,0,4045,2006,1500,648,1,0,1,3,1356
1395,281213,2,1,4,2007,1,12665,2005,2482,642,1,1,1,3,1094
1396,160000,1,0,3,2010,1,57200,1948,1687,572,1,0,1,2,747
1397,137500,1,1,4,2007,0,6120,1920,1513,180,1,1,0,1,939
1398,138000,1,1,3,2009,0,7200,1950,1904,240,1,0,1,1,1208
1399,137450,2,1,3,2009,0,6171,1925,1608,216,1,0,1,1,976
1400,120000,1,0,3,2008,0,6000,1929,1158,208,1,0,0,1,862
1401,193000,2,1,3,2008,0,7415,2004,1593,398,1,1,1,2,839
1402,193879,2,0,2,2006,0,6762,2006,1294,662,1,0,1,2,1286
1403,282922,2,0,3,2007,0,15256,2007,1464,754,1,0,1,3,1485
1404,105000,1,0,3,2006,0,10410,1915,1214,936,1,0,1,3,672
1405,275000,2,0,2,2008,0,3842,2004,1646,482,1,0,0,2,1594
1406,133000,1,0,2,2009,0,8445,1972,768,396,1,0,1,2,768
1407,112000,1,0,3,2009,0,8780,1985,833,0,1,0,1,0,833
1408,125500,1,0,3,2010,0,7740,1910,1363,528,1,1,0,2,622
1409,215000,2,1,3,2008,0,20544,1986,2093,542,1,1,1,2,791
1410,230000,2,1,3,2009,0,12420,2001,1840,622,1,1,1,2,944
1411,140000,1,1,3,2009,0,9600,1950,1668,271,1,0,1,1,856
1412,90000,2,0,2,2009,0,7200,1949,1040,420,0,0,1,2,0
1413,257000,2,0,2,2009,0,10994,2005,1844,620,1,0,1,2,1844
1414,207000,1,1,4,2008,0,13053,1923,1848,370,1,0,1,2,833
1415,175900,2,0,1,2009,0,3635,2007,1569,660,1,0,1,3,1386
1416,122500,2,0,4,2010,0,11340,1885,2290,560,0,1,0,2,777
1417,340000,2,1,3,2009,1,16545,1998,2450,1069,1,1,1,3,1284
1418,124000,1,1,3,2008,0,9204,1963,1144,336,1,0,1,1,1144
1419,223000,2,0,3,2006,0,16381,1969,1844,540,1,0,1,2,1844
1420,179900,2,1,3,2006,0,11700,1968,1416,776,1,1,1,2,708
1421,127500,2,0,2,2010,0,4043,1977,1069,440,1,0,1,2,1069
1422,136500,1,0,1,2008,0,4435,2003,848,420,1,0,0,2,848
1423,274970,2,0,4,2006,0,19690,1966,2201,432,1,0,1,2,697
1424,144000,1,0,2,2007,0,9503,1958,1344,484,1,0,1,1,1024
1425,142000,1,0,3,2008,0,10721,1959,1252,528,1,0,1,2,1252
1426,271000,2,1,3,2008,1,10944,1994,2127,525,1,1,1,2,1223
1427,140000,1,1,3,2008,0,10930,1945,1558,288,1,0,1,1,913
1428,119000,1,0,2,2010,0,7200,1940,804,240,1,0,0,1,788
1429,182900,2,0,3,2007,0,12546,1981,1440,467,1,0,1,2,1440
1430,192140,2,1,4,2006,0,21930,2005,1838,372,1,1,1,2,732
1431,143750,2,0,2,2009,0,4928,1976,958,440,1,0,1,2,958
1432,64500,2,0,4,2007,0,10800,1927,968,216,1,0,1,1,656
1433,186500,2,1,3,2008,0,10261,2000,1792,451,1,1,1,2,936
1434,160000,2,0,3,2006,0,17400,1977,1126,484,1,0,1,2,1126
1435,174000,1,1,3,2008,0,8400,1962,1537,462,1,0,1,2,1319
1436,120500,1,0,3,2007,0,9000,1971,864,528,1,0,1,2,864
1437,394617,2,0,2,2008,1,12444,2008,1932,774,1,0,1,3,1932
1438,149700,1,0,2,2010,0,7407,1957,1236,923,1,0,0,2,912
1439,197000,2,1,3,2007,0,11584,1979,1725,550,1,0,1,2,539
1440,191000,2,0,3,2008,0,11526,1922,2555,672,1,1,1,2,588
1441,149300,1,0,1,2008,0,4426,2004,848,420,1,0,0,2,848
1442,310000,2,1,3,2009,0,11003,2008,2007,812,1,1,1,3,1017
1443,121000,1,0,2,2009,0,8854,1916,952,192,1,0,1,1,952
1444,179600,2,0,3,2007,0,8500,2004,1422,626,1,0,1,2,1422
1445,129000,1,0,3,2007,0,8400,1966,913,240,1,0,1,1,814
1446,157900,1,0,3,2010,0,26142,1962,1188,312,1,0,1,1,1188
1447,240000,2,1,3,2007,0,10000,1995,2090,556,1,1,1,2,1220
1448,112000,1,1,2,2007,0,11767,1910,1346,384,1,1,1,1,560
1449,92000,1,0,1,2006,0,1533,1970,630,0,0,0,0,0,630
1450,136000,2,2,4,2009,0,9000,1974,1792,0,0,1,1,0,896
1451,287090,2,0,3,2009,0,9262,2008,1578,840,1,0,1,3,1573
1452,145000,1,0,2,2006,0,3675,2005,1072,525,1,0,0,2,547
1453,84500,1,0,3,2006,0,17217,2006,1140,0,1,0,1,0,1140
1454,185000,2,0,2,2009,0,7500,2004,1221,400,1,0,1,2,1221
1455,175000,2,1,3,2007,0,7917,1999,1647,460,1,1,1,2,953
1456,210000,2,0,3,2010,0,13175,1978,2073,500,1,0,1,2,1542
1457,266500,2,0,4,2010,0,9042,1941,2340,252,1,1,1,1,1152
1458,142125,1,0,2,2010,0,9717,1950,1078,240,1,0,1,1,1078
1459,147500,1,1,3,2008,0,9937,1965,1256,276,1,0,1,1,1256
